player_id,team_id,player_name,position,club_team,market_value_eur,caps,date_of_birth,height_cm,goals
1,1,Raúl Rangel,GK,CD Guadalajara,8933646,15,2000-02-25,190,0
2,1,César Montes,DEF,PAOK Saloniki,24628639,59,1997-12-10,176,3
3,1,Johan Vásquez,DEF,FC Lokomotiv Moscow,10912552,69,1997-02-24,191,4
4,1,Jesús Gallardo,DEF,Fenerbahçe SK,10875943,100,1997-10-24,180,7
5,1,Jorge Sánchez,DEF,Genoa CFC,18265363,47,1998-10-22,182,3
6,1,Edson Álvarez,MID,CF Cruz Azul,21520963,26,2000-05-08,172,0
7,1,Gilberto Mora,MID,CD Guadalajara,12552748,62,1995-06-05,183,4
8,1,Luis Chávez,MID,Real Betis,10697494,5,1997-04-09,175,0
9,1,Santiago Giménez,FWD,Fulham FC,15211168,127,1991-05-05,188,46
10,1,Raúl Jiménez,FWD,Deportivo Toluca FC,17281661,53,1997-11-25,175,7
11,1,Alexis Vega,FWD,AC Milan,18000000,47,2001-04-18,180,6
12,1,Guillermo Ochoa,GK,Club Santos Laguna,15432043,7,1996-04-19,185,0
13,1,Francisco Guillermo Ochoa,GK,AEL Limassol,11314518,153,1985-07-13,185,0
14,1,Julián Quiñones,FWD,CD Guadalajara,8407678,8,2003-04-20,182,1
15,1,Mateo Chávez,DEF,Club América,24804521,35,2000-05-23,181,2
16,1,Roberto Alvarado,FWD,Al Qadsiah FC,14000000,23,1997-03-24,177,3
17,1,Luis Romo,MID,AEK Athens,16337698,92,1996-03-24,169,12
18,1,César Huerta,MID,Atlético De Madrid,10000000,6,2005-08-05,175,0
19,1,Gilberto Rafael Mora,MID,Club Tijuana,19301116,9,2008-10-14,175,0
20,1,Brian Gutiérrez,DEF,AZ Alkmaar,23666035,10,2004-05-12,178,0
21,1,Armando González,FWD,RSC Anderlecht,9517865,26,2000-12-03,171,3
22,1,Guillermo Martinez,FWD,Pumas UNAM,24670186,12,1995-03-15,191,3
23,1,Jesús Daniel Gallardo,DEF,Deportivo Toluca FC,24033269,123,1994-08-15,174,3
24,1,Luis Gerardo Chavez,MID,FC Dynamo Moscow,19973810,46,1996-01-15,178,5
25,1,Roberto Carlos Alvarado,FWD,CD Guadalajara,13567593,69,1998-09-07,176,6
26,1,Brian Gutierrez,MID,CD Guadalajara,8000000,8,2003-06-17,178,2
27,2,Ronwen Williams,GK,Mamelodi Sundowns FC,800000,65,1992-01-21,184,0
28,2,Khuliso Mudau,DEF,Polokwane City FC,1200000,3,1999-01-14,189,0
29,2,Mbekezeli Mbokazi,DEF,Mamelodi Sundowns FC,1200000,5,2004-02-05,183,0
30,2,Thalente Mbatha,MID,Mamelodi Sundowns FC,2800000,58,1997-01-24,177,9
31,2,Sphephelo Sithole,MID,Orlando Pirates FC,2000000,17,2000-03-06,179,3
32,2,Nkosinathi Sibisi,DEF,Mamelodi Sundowns FC,1800000,49,1995-07-22,171,3
33,2,Lyle Foster,FWD,Orlando Pirates FC,2500000,28,2001-08-25,171,8
34,2,Oswin Appollis,FWD,Orlando Pirates FC,1400000,10,2000-10-02,169,1
35,2,Evidence Makgopa,FWD,Burnley FC,8000000,32,2000-09-03,185,10
36,2,Tshepang Moremi,FWD,Orlando Pirates FC,3000000,14,2004-10-23,168,1
37,2,Jayden Adams,MID,Mamelodi Sundowns FC,250000,56,1989-08-03,178,12
38,2,Thapelo Maseko,FWD,AEL Limassol,1200000,8,2003-11-11,178,1
39,2,Kamogelo Sebelebele,MID,CD Tondela,600000,30,1999-03-03,197,1
40,2,Aubrey Modiba,DEF,Chicago Fire FC,3500000,11,2005-09-19,177,1
41,2,Iqraam Rayners,FWD,Mamelodi Sundowns FC,2800000,21,1995-12-19,174,5
42,2,Sipho Chaine,GK,Orlando Pirates FC,1600000,4,1996-12-14,186,0
43,2,Sekotori Evidence Makgopa,FWD,Orlando Pirates FC,1400000,28,2000-06-05,183,6
44,2,Thabang Matuludi,DEF,Molde FK,2500000,6,2004-03-15,179,0
45,2,Khulumani Ndamane,DEF,Orlando Pirates FC,1600000,22,1995-09-22,172,0
46,2,Olwethu Makhanya,DEF,Mamelodi Sundowns FC,1200000,35,1995-04-26,179,1
47,2,Ime Daniel Okon,DEF,Hannover 96,450000,9,2004-02-20,187,1
48,2,Stuart Ricardo Goss,GK,Siwelele FC,350000,7,1994-04-02,181,0
49,2,Jayden Oswin Adams,MID,Mamelodi Sundowns FC,1800000,9,2001-05-05,177,2
50,2,Olwethu Mpilwenhle Makhanya,DEF,Philadelphia Union,2000000,1,2004-04-30,185,0
51,2,Kamogelo Michael Sebelebele,FWD,Orlando Pirates FC,1200000,9,2002-07-21,166,1
52,2,Bradley Paul Cross,DEF,Kaizer Chiefs FC,550000,1,2001-01-30,175,0
53,3,Seunggyu Kim,GK,FC Tokyo,500000,87,1990-09-30,187,0
54,3,Hanbeom Lee,DEF,FC Midtjylland,3000000,9,2002-06-17,188,0
55,3,Gihyuk Lee,MID,Gangwon FC,800000,4,2000-07-07,184,0
56,3,Minjae Kim,DEF,FC Bayern München,20000000,80,1996-11-15,190,4
57,3,Taehyeon Kim,DEF,Kashima Antlers,1200000,7,2000-09-17,186,0
58,3,Inbeom Hwang,MID,Feyenoord Rotterdam,7000000,74,1996-09-20,177,7
59,3,Heung Min Son,FWD,LAFC,15000000,145,1992-07-08,183,56
60,3,Seungho Paik,MID,Birmingham City FC,2000000,28,1997-03-17,182,3
61,3,Guesung Cho,FWD,FC Midtjylland,2500000,44,1998-01-25,188,12
62,3,Jae Sung Lee,MID,1. FSV Mainz 05,2000000,106,1992-08-10,180,15
63,3,Hee Chan Hwang,MID,Wolverhampton Wanderers FC,6000000,80,1996-01-26,177,17
64,3,Bumkeun Song,GK,Jeonbuk Hyundai Motors FC,1000000,3,1997-10-15,196,0
65,3,Taeseok Lee,DEF,FK Austria Wien,2000000,16,2002-07-28,174,1
66,3,Wije Cho,DEF,Jeonbuk Hyundai Motors FC,550000,1,2001-08-25,190,0
67,3,Moonhwan Kim,DEF,Daejeon Hana Citizen FC,750000,36,1995-08-01,173,0
68,3,Jinseob Park,DEF,Zhejiang FC,1000000,15,1995-10-23,183,1
69,3,Junho Bae,MID,Stoke City FC,4000000,13,2003-08-21,180,2
70,3,Hyeongyu Oh,FWD,Be ş ikta ş  JK,15000000,28,2001-04-12,183,7
71,3,Kangin Lee,MID,Paris Saint-Germain,28000000,48,2001-02-19,174,10
72,3,Hyunjun Yang,MID,Celtic FC,5000000,9,2002-05-25,179,0
73,3,Hyeonwoo Jo,GK,Ulsan HD,650000,48,1991-09-25,189,0
74,3,Youngwoo Seol,DEF,FK Crvena Zvezda,6500000,35,1998-12-05,180,0
75,3,Jens Castrop,DEF,Borussia Mönchengladbach,10000000,7,2003-07-29,178,0
76,3,Jingyu Kim,MID,Jeonbuk Hyundai Motors FC,1200000,23,1997-02-24,177,3
77,3,Jisung Eom,MID,Swansea City AFC,1800000,10,2002-05-09,177,2
78,3,Donggyeong Lee,MID,Ulsan HD,1600000,18,1997-09-20,175,4
79,4,Matej Kovář,GK,PSV Eindhoven,3745909,21,2000-05-17,196,0
80,4,Ladislav Krejčí,DEF,SK Slavia Praha,7000000,25,2000-11-08,190,1
81,4,Robin Hranáč,DEF,SK Slavia Praha,1000000,41,1993-03-31,180,2
82,4,David Zima,DEF,TSG Hoffenheim,10000000,15,2000-01-29,189,1
83,4,Tomáš Holeš,DEF,TSG Hoffenheim,2500000,63,1992-08-22,175,2
84,4,David Jurásek,DEF,SK Slavia Praha,8333277,6,2003-03-08,188,0
85,4,Štěpán Chaloupek,DEF,Wolverhampton Wanderers FC,22000000,28,1999-04-20,191,6
86,4,Tomáš Souček,MID,FC Hradec Králové,375000,79,1990-08-08,172,8
87,4,Adam Hložek,FWD,TSG Hoffenheim,10000000,44,2002-07-25,188,5
88,4,Tomáš Chorý,FWD,Bayer 04 Leverkusen,18000000,54,1996-01-24,191,26
89,4,Jan Kuchta,FWD,AC Sparta Praha,2700000,31,1997-01-08,185,3
90,4,Vladimír Darida,MID,FC Viktoria Plze ň,6000000,17,2001-04-10,182,2
91,4,Mojmír Chytil,FWD,SK Slavia Praha,4000000,23,1999-04-29,187,6
92,4,David Jurasek,DEF,SK Slavia Praha,5000000,18,2000-08-07,183,1
93,4,Pavel Sulc,FWD,Olympique Lyonnais,20000000,22,2000-12-29,177,5
94,4,Jindřich Staněk,GK,SK Slavia Praha,6887644,14,1996-04-27,192,0
95,4,Pavel Šulc,MID,SK Slavia Praha,8000000,39,1996-10-23,191,3
96,4,Lukáš Provod,MID,SK Slavia Praha,8000000,36,1999-05-31,169,1
97,4,Tomáš Chory,FWD,SK Slavia Praha,2700000,23,1995-01-26,199,7
98,4,Jaroslav Zeleny,DEF,AC Sparta Praha,600000,24,1992-08-20,190,0
99,4,David Doudera,DEF,SK Slavia Praha,3500000,17,1998-05-31,175,2
100,4,Michal Sadílek,MID,West Ham United FC,10000000,91,1995-02-27,192,17
101,4,Lukáš Hornicek,GK,SC Braga,18000000,1,2002-07-13,198,0
102,4,Lukáš Červ,MID,FC Viktoria Plze ň,2300000,3,2003-04-02,188,0
103,4,David Douděra,MID,AC Sparta Praha,3500000,1,2008-06-07,183,0
104,4,Denis Visinsky,FWD,FC Viktoria Plze ň,3000000,2,2003-03-21,178,1
105,5,Dayne St. Clair,GK,Inter Miami CF,3500000,20,1997-05-09,191,0
106,5,Alphonso Davies,DEF,Celtic FC,8000000,59,1998-10-08,180,1
107,5,Alistair Johnston,DEF,Middlesbrough FC,6000000,2,1997-10-07,191,0
108,5,Moïse Bombito,DEF,FCV Dender EH,4274807,14,2005-10-12,183,0
109,5,Derek Cornelius,DEF,Chicago Fire FC,2000000,17,1996-01-24,185,0
110,5,Stephen Eustáquio,MID,LAFC,800000,24,1999-02-07,173,0
111,5,Ismaël Koné,MID,LAFC,6000000,57,1996-12-21,175,4
112,5,Mathieu Choinière,MID,US Sassuolo,25000000,41,2002-06-16,188,4
113,5,Jonathan David,FWD,Southampton FC,3500000,91,1995-04-17,188,31
114,5,Cyle Larin,FWD,Juventus FC,30000000,78,2000-01-14,175,39
115,5,Niko Sigur,MID,Hull City FC,1700000,42,1999-09-27,176,1
116,5,Tajon Buchanan,FWD,Villarreal CF,7000000,25,2000-05-15,187,2
117,5,Richie Laryea,DEF,Rangers FC,2500000,45,1997-11-25,186,1
118,5,Jacob Everett Shaffelburg,MID,LAFC,2500000,32,1999-11-26,181,6
119,5,Joel Waterman,DEF,OGC Nice,11608716,20,2000-03-30,190,0
120,5,Maxime Crépeau,GK,Orlando City SC,1800000,33,1994-05-11,185,0
121,5,Jacob Shaffelburg,FWD,Villarreal CF,12000000,61,1999-02-08,183,8
122,5,Owen Olamidayo Goodman,GK,Barnsley,550000,0,2003-11-27,193,0
123,5,Alfie Jones,DEF,FC Bayern München,40000000,58,2000-11-02,183,15
124,5,Tani Oluwaseyi,FWD,Norwich City FC,3000000,25,2000-10-10,180,1
125,5,Jonathan Osorio,MID,Toronto FC,1000000,92,1992-06-12,175,10
126,5,Richmond Mamah Laryea,DEF,Toronto FC,1000000,77,1995-01-07,175,1
127,5,Niko Kristian Sigur,DEF,HNK Hajduk Split,4000000,19,2003-09-09,178,2
128,5,Liam Millar,FWD,Royale Union Saint-Gilloise,17000000,11,2001-07-03,195,3
129,5,Nathan-Dylan Saliba,MID,RSC Anderlecht,7500000,15,2004-02-07,174,2
130,5,Promise David,FWD,Austin FC,2000000,15,2002-09-26,170,3
131,6,Nikola Vasilj,GK,FC St. Pauli,4500000,27,1995-12-02,193,0
132,6,Sead Kolašinac,DEF,Gaziantep FK,1200000,12,1998-04-15,189,1
133,6,Amar Dedić,DEF,UC Sampdoria,1200000,32,1998-07-09,191,0
134,6,Nikola Katić,DEF,US Sassuolo,25000000,15,2003-02-28,192,1
135,6,Dennis Hadžikadunić,DEF,Atalanta Bergamo,4000000,66,1993-06-20,183,0
136,6,Ivan Šunjić,MID,Brøndby IF,4500000,29,2003-03-03,191,2
137,6,Tarik Muharemović,DEF,SL Benfica,16000000,29,2002-08-18,180,1
138,6,Amar Memić,MID,BSC Young Boys,2500000,21,2002-04-06,187,1
139,6,Edin Džeko,FWD,Jagiellonia Bia ł ystok,1500000,14,2004-01-31,189,1
140,6,Ermedin Demirović,FWD,VfB Stuttgart,22000000,41,1998-03-25,185,4
141,6,Haris Tabaković,FWD,FC Schalke 04,1000000,148,1986-03-17,192,73
142,6,Mladen Jurkas,GK,FK Borac Banja Luka,700000,0,2007-10-07,193,0
143,6,Benjamin Tahirović,MID,FC Astana,1500000,18,2002-04-30,178,0
144,6,Armin Gigović,MID,Pafos FC,2000000,12,1996-10-09,183,0
145,6,Amir Hadžiahmetović,MID,FC Viktoria Plze ň,4500000,14,2001-01-20,176,1
146,6,Dženis Burnić,MID,Hull City FC,4000000,36,1997-03-08,179,0
147,6,Dzenis Burnic,MID,Karlsruher SC,1200000,21,1998-05-22,182,0
148,6,Nihad Mujakić,DEF,FC Schalke 04,1800000,18,1996-10-10,194,2
149,6,Esmir Bajraktarević,FWD,FC Red Bull Salzburg,22000000,11,2007-09-21,186,1
150,6,Samed Baždar,FWD,PSV Eindhoven,8000000,17,2005-03-10,175,1
151,6,Stjepan Radeljić,DEF,HNK Rijeka,2800000,5,1997-09-05,201,0
152,6,Martin Zlomislic,GK,HNK Rijeka,2000000,3,1998-08-16,189,0
153,6,Kerim Alajbegović,FWD,Borussia Mönchengladbach,3500000,10,1994-06-20,196,4
154,6,Arjan Malic,DEF,SK Sturm Graz,1800000,8,2005-08-28,188,0
155,6,Jovo Lukić,FWD,Universitatea Cluj,2200000,4,1998-11-28,190,1
156,6,Ermin Mahmic,MID,FC Slovan Liberec,5000000,2,2005-03-14,182,0
157,7,Meshaal Barsham,GK,Al Rayyan SC,5555635,7,2000-02-05,185,0
158,7,Pedro Miguel,DEF,Al Sadd SC,5982512,112,1990-08-06,180,4
159,7,Boualem Khoukhi,DEF,Al Wakrah SC,4279139,28,1990-07-03,179,2
160,7,Homam Ahmed,DEF,Al Arabi SC,2680118,5,1997-12-22,178,0
161,7,Jassem Gaber,DEF,Al Rayyan SC,5006329,38,2002-02-20,181,1
162,7,Karim Boudiaf,MID,Al Rayyan SC,2275441,132,1990-01-01,179,11
163,7,Akram Afif,FWD,Al Rayyan SC,5142787,78,1993-01-31,179,10
164,7,Almoez Ali,FWD,Al Duhail SC,2520193,17,1994-08-19,180,0
165,7,Hassan Al-Haydos,FWD,Al Gharafa SC,2058624,74,1993-12-20,192,17
166,7,Mohammed Muntari,FWD,Al Sadd SC,3010391,190,1990-12-11,174,39
167,7,Ahmed Alaaeldin,FWD,Al Sadd SC,3305021,137,1996-11-18,176,40
168,7,Abdulaziz Hatem,MID,Al Duhail SC,6342945,129,1990-09-16,190,6
169,7,Ayoub Al-Oui,DEF,Al Gharafa SC,3461985,8,2005-03-11,181,0
170,7,Sultan Al-Brake,DEF,Cultural Leonesa,6588938,77,1999-08-25,188,3
171,7,Edmílson Junior,FWD,Al Wakrah SC,6554586,45,1999-08-06,171,3
172,7,Lucas Mendes,DEF,Al Sadd SC,4032215,129,1990-07-09,185,21
173,7,Assim Madibo,MID,Al Gharafa SC,3865289,15,2000-09-22,175,1
174,7,Hussain Sultan,DEF,Al Duhail SC,6687129,20,1996-04-07,178,0
175,7,Yusuf Abdurisag,FWD,Al Duhail SC,4569800,128,1996-08-19,180,58
176,7,Ahmed Fathy,MID,Al Arabi SC,2134313,55,1993-01-25,171,0
177,7,Mahmoud Abunada,GK,Al Duhail SC,7649760,10,1999-04-24,186,0
178,7,Aissa Meshaal Barsham,GK,Al Sadd SC,7536773,60,1998-02-14,180,0
179,7,Mohamed Manai,MID,Al Wakrah SC,7259746,65,1996-10-22,168,0
180,7,Mohammad Tahsin,FWD,Al Duhail SC,2807711,5,2006-06-16,166,0
181,7,Alhussein Alhashmi,DEF,Al Arabi SC,5375137,10,2003-08-15,182,0
182,7,Naceur Mohamed Manai,FWD,Al Shamal SC,4617459,12,2002-10-25,180,0
183,8,Yvon Mvogo,GK,Borussia Dortmund,40000000,22,1997-12-06,196,0
184,8,Manuel Akanji,DEF,Hamburger SV,5000000,11,1998-03-24,182,0
185,8,Ricardo Rodríguez,DEF,1. FSV Mainz 05,800000,60,1993-03-05,183,5
186,8,Silvan Widmer,DEF,Borussia Mönchengladbach,8000000,68,1996-09-30,189,3
187,8,Eray Cömert,DEF,FC Internazionale Milano,17000000,82,1995-07-19,188,4
188,8,Remo Freuler,MID,AS Monaco,16546670,66,1996-11-20,189,3
189,8,Breel Embolo,FWD,Stade Rennais FC,15000000,87,1997-02-14,184,25
190,8,Denis Zakaria,MID,Bologna FC,3000000,89,1992-04-15,181,11
191,8,Rubén Vargas,MID,SC Freiburg,50000000,13,2005-10-14,182,3
192,8,Djibril Sow,MID,Sunderland AFC,8000000,147,1992-09-27,183,17
193,8,Zeki Amdouni,FWD,Nottingham Forest FC,32000000,32,2000-10-25,184,8
194,8,Yvon Landry Mvogo,GK,FC Lorient,16918384,13,1994-06-06,190,0
195,8,Miro Muheim,DEF,Real Betis,13686061,139,1992-08-25,182,9
196,8,Ardon Jashari,MID,AC Milan,25000000,9,2002-07-30,181,0
197,8,Djibril Ibrahima Sow,MID,Sevilla FC,12866209,52,1997-02-06,183,0
198,8,Noah Okafor,FWD,BSC Young Boys,2000000,23,1993-11-11,185,5
199,8,Cedric Itten,FWD,Sevilla FC,9983709,62,1998-08-05,179,11
200,8,Aurèle Amenda,DEF,Valencia CF,5583485,22,1998-02-04,183,0
201,8,Noah Arinzechukwu Okafor,FWD,Leeds United FC,25000000,25,2000-05-24,185,2
202,8,Michel Aebischer,MID,Pisa SC,4000000,41,1997-01-06,183,2
203,8,Marvin Keller,GK,BSC Young Boys,6000000,1,2002-07-03,189,0
204,8,Fabian Rieder,MID,FC Augsburg,12000000,29,2002-02-16,181,1
205,8,Mohamed Zeki Amdouni,FWD,Burnley FC,7000000,30,2000-12-04,183,11
206,8,Aurèle Florian Amenda,DEF,Eintracht Frankfurt,10000000,7,2003-07-31,194,0
207,8,Luca Antony Jaquez,DEF,VfB Stuttgart,10000000,3,2003-06-02,187,0
208,8,Cedric Jan Itten,FWD,Fortuna Düsseldorf,1800000,15,1996-12-27,190,5
209,9,Alisson,GK,Liverpool FC,34947424,79,1992-10-02,193,0
210,9,Casemiro,MID,Atalanta Bergamo,28183265,3,1999-07-07,184,0
211,9,Marquinhos,DEF,Arsenal FC,35255847,18,1997-12-19,190,1
212,9,Gabriel Magalhães,DEF,Paris Saint-Germain,28000000,106,1994-05-14,183,7
213,9,Bruno Guimarães,MID,Manchester United FC,19055262,87,1992-02-23,185,9
214,9,Danilo,DEF,CR Flamengo,33387037,45,1991-01-26,180,2
215,9,José Vinicius,FWD,Real Madrid C. F.,14812332,50,2000-07-12,176,10
216,9,Lucas Paquetá,MID,Newcastle United FC,46789953,44,1997-11-16,182,3
217,9,Vinícius Júnior,FWD,Manchester United FC,50776605,24,1999-05-27,183,1
218,9,Neymar,FWD,Santos FC,8000000,128,1992-02-05,175,79
219,9,Raphinha,FWD,FC Barcelona,70000000,40,1996-12-14,176,11
220,9,Ederson,GK,Grêmio FBPA,42423364,11,1987-12-13,189,0
221,9,Bremer,DEF,CR Flamengo,22718179,71,1991-07-15,184,1
222,9,Alex Sandro,DEF,Juventus FC,43652307,8,1997-03-18,188,1
223,9,Léo Pereira,DEF,CR Flamengo,26118600,4,1996-01-31,189,0
224,9,Douglas Santos,DEF,FC Zenit St. Petersburg,15586988,8,1994-03-22,173,0
225,9,Fabinho,MID,Al Ittihad,40560501,34,1993-10-23,188,0
226,9,Éderson,MID,Botafogo,32082648,5,2001-04-29,177,2
227,9,Matheus Cunha,FWD,Olympique Lyonnais,40000000,17,2006-07-21,172,4
228,9,Danilo Santos,MID,CR Flamengo,49178835,64,1997-08-27,183,13
229,9,Gabriel Martinelli,FWD,FC Zenit St. Petersburg,33839304,16,2001-01-02,182,2
230,9,Endrick,FWD,Arsenal FC,40754816,23,2001-06-18,178,4
231,9,Weverton,GK,Fenerbahçe SK,46623295,32,1993-08-17,188,0
232,9,IBANEZRoger Roger,DEF,Al Ahli FC,24113577,8,1998-11-23,186,0
233,9,Igor Thiago,FWD,Brentford FC,39870944,5,2001-06-26,190,2
234,9,Vitor Rayan,FWD,AFC Bournemouth,26501330,2,2006-08-03,187,1
235,10,Munir El Kajoui,GK,Al Hilal SC,3000000,91,1991-04-05,192,0
236,10,Issa Diop,DEF,Paris Saint-Germain,80000000,97,1998-11-04,180,11
237,10,Anass Salah-Eddine,DEF,Manchester United FC,18000000,46,1997-11-14,183,2
238,10,Azzedine Ounahi,MID,Real Betis,10000000,75,1996-08-21,185,0
239,10,Marwane Saadane,DEF,Al Fateh SC,400000,17,1992-01-17,185,1
240,10,Brahim Díaz,MID,Lille OSC,50000000,4,2007-10-02,185,0
241,10,Ayyoub Bouaddi,MID,Sunderland AFC,25000000,6,2005-05-09,175,0
242,10,Azz-Eddine Ounahi,MID,Girona FC,10000000,50,2000-04-19,182,9
243,10,Chemsdine Talbi,FWD,Al Ain FC,6000000,38,1996-06-02,180,12
244,10,Soufiane Rahimi,FWD,Real Madrid C. F.,44054154,27,1999-08-03,170,15
245,10,Ismael Saibari,MID,PSV Eindhoven,40000000,31,2001-01-28,185,10
246,10,Monir El Kajoui,GK,RS Berkane,600000,52,1989-05-10,190,0
247,10,Zakaria El Ouahdi,DEF,KRC Genk,17000000,3,2001-12-31,171,0
248,10,Issa Laye Lucas Jean Diop,DEF,Fulham FC,8000000,5,1997-01-09,194,0
249,10,Samir El Mourabet,MID,RC Strasbourg,22000000,5,2005-10-06,187,0
250,10,Gessime Ben Youssef Mustapha Yassine,MID,RC Strasbourg,12000000,4,2005-11-22,172,0
251,10,Abde Ezzalzouli,FWD,Angers SCO,4000000,2,2000-11-05,175,0
252,10,Chadi Riad,DEF,Crystal Palace FC,15000000,7,2003-06-17,186,1
253,10,Youssef Belammari,DEF,Al Ahly FC,1200000,18,1998-09-20,175,0
254,10,Gessime Yassine,FWD,Olympiacos FC,4500000,71,1993-06-25,182,36
255,10,Ayoube Amaimouni,FWD,Eintracht Frankfurt,10000000,3,2004-11-30,179,0
256,10,Ahmed Reda Tagnaouti,GK,ASFAR,1000000,3,1996-04-05,194,0
257,10,Bilal El Khannouss,MID,VfB Stuttgart,35000000,38,2004-05-10,180,3
258,10,Neil Yoni El Aynaoui,MID,AS Roma,23000000,17,2001-07-02,185,2
259,10,Redouane Halhal,DEF,KV Mechelen,5000000,3,2003-03-05,189,0
260,10,Anass Salah Eddine,DEF,PSV Eindhoven,12000000,10,2002-01-18,181,0
261,11,Alexandre Pierre,GK,SC Bastia,250000,84,1988-01-29,181,0
262,11,Ricardo Adé,DEF,Angers SCO,1800000,57,1996-06-28,180,1
263,11,Carlens Arcus,DEF,BSC Young Boys,100000,1,2006-03-29,179,0
264,11,Hannes Delcroix,DEF,LDU Quito,300000,62,1990-05-21,190,2
265,11,Keeto Thermoncy,DEF,FC Lugano,4808049,8,1999-02-28,183,0
266,11,Jean-Ricner Bellegarde,MID,El Paso Locomotive FC,125000,26,2002-08-09,182,0
267,11,Derrick Etienne Jr.,FWD,Toronto FC,2234420,50,1996-11-25,178,8
268,11,Martin Expérience,DEF,AS Nancy,400000,22,1999-03-09,178,0
269,11,Ruben Providence,FWD,Esteghlal Tehran FC,1600000,83,1994-04-07,181,44
270,11,Carl Sainté,MID,Wolverhampton Wanderers FC,16000000,11,1998-06-27,170,0
271,11,Lenny Joseph,FWD,FC Dallas,3437369,33,2001-02-11,178,10
272,11,Josué Duverger,GK,FC Sochaux-Montbéliard,100000,17,2001-02-25,190,0
273,11,Markhus Lacroix,DEF,Colorado Springs Switchbacks FC,125000,16,1993-10-14,175,3
274,11,Garven-Michee Metusala,DEF,Colorado Springs Switchbacks FC,200000,15,1999-12-31,186,0
275,11,Ruben Fritzner Providence,FWD,Almere City FC,300000,16,2001-07-07,178,3
276,11,Lenny Alvin Pico Joseph,FWD,Ferencvárosi TC,500000,3,2000-10-12,182,1
277,11,Woodensky Pierre,MID,Philadelphia Union,3000000,32,2000-05-20,182,6
278,11,Wilson Isidor,FWD,Sunderland AFC,18000000,5,2000-08-27,184,2
279,11,Yassin Enzo Fortune,FWD,FC Vizela,400000,5,1999-01-30,186,0
280,11,Frantzdy Pierrot,FWD,Çaykur Rizespor,1500000,54,1995-03-29,194,34
281,11,Josue Jeremie Casimir,FWD,AJ Auxerre,3000000,8,2001-09-24,178,0
282,11,Jean-Kévin Duverne,DEF,KAA Gent,2000000,17,1997-07-12,184,1
283,11,Josue Duverger,GK,FC Cosmos Koblenz,125000,7,2000-04-27,187,0
284,11,Wilguens Raphael Polynice Paugain,DEF,SV Zulte Waregem,800000,8,2001-08-24,180,0
285,11,Dominique Simon,MID,FC Tatran Pre š ov,125000,2,2000-07-29,178,0
286,11,Leverton Pierre,MID,Violette AC,100000,1,2004-12-30,177,0
287,12,Angus Gunn,GK,Nottingham Forest FC,1000000,23,1996-01-22,196,0
288,12,Andy Robertson,DEF,Brentford FC,16000000,22,2002-06-10,185,0
289,12,Grant Hanley,DEF,Liverpool FC,7000000,95,1994-03-11,178,4
290,12,Scott McTominay,MID,SSC Napoli,7004649,71,1996-12-08,193,15
291,12,Aaron Hickey,DEF,Hibernian FC,200000,69,1991-11-20,188,2
292,12,John Souttar,DEF,Celtic FC,8000000,56,1997-06-05,180,2
293,12,John McGinn,MID,Aston Villa FC,6483977,87,1994-10-18,178,21
294,12,Kenny McLean,MID,Manchester United FC,1000000,2,2007-03-19,183,0
295,12,Ché Adams,FWD,Charlton Athletic FC,800000,52,1995-10-07,188,10
296,12,Lyndon Dykes,FWD,Torino FC,5000000,48,1996-07-13,175,13
297,12,Tyler Fletcher,MID,AFC Bournemouth,8000000,69,1995-02-22,178,10
298,12,Craig Gordon,GK,Rangers FC,800000,3,1996-01-23,184,0
299,12,Nathan Patterson,DEF,Al Ettifaq FC,2500000,39,1995-05-07,192,3
300,12,Ross Stewart,FWD,Southampton FC,2800000,3,1996-07-11,188,0
301,12,John Francis Souttar,DEF,Rangers FC,2000000,24,1996-09-25,186,2
302,12,Dominic John Hyam,DEF,Wrexham AFC,2000000,4,1995-12-20,188,0
303,12,Ben Gannon-Doak,FWD,AFC Bournemouth,2918431,15,2005-11-11,173,1
304,12,George Hirst,FWD,Ipswich Town FC,10000000,10,1999-02-15,191,1
305,12,Lewis Ferguson,MID,Bologna FC,14000000,25,1999-08-24,181,1
306,12,Lawrence Shankland,FWD,Heart Of Midlothian FC,3000000,21,1995-08-10,185,7
307,12,Liam Kelly,GK,Heart Of Midlothian FC,50000,84,1982-12-31,193,0
308,12,Nathan Kenneth Patterson,DEF,Everton FC,10000000,27,2001-10-16,183,1
309,12,Mc,MID,Norwich City FC,3172623,59,1992-01-08,183,3
310,12,Anthony Ralston,DEF,Celtic FC,1500000,27,1998-11-16,178,1
311,12,Findlay Kenneth Curtis,FWD,Kilmarnock FC,2000000,4,2006-06-09,180,1
312,12,Mc,DEF,GNK Dinamo Zagreb,7865734,50,1996-11-12,189,1
313,13,Matt Turner,GK,New England Revolution,2500000,54,1994-06-24,190,0
314,13,Sergiño Dest,DEF,PSV Eindhoven,18000000,40,2000-11-03,173,3
315,13,Chris Richards,DEF,Crystal Palace FC,28000000,37,2000-03-28,189,3
316,13,Tyler Adams,MID,AFC Bournemouth,25000000,55,1999-02-14,175,2
317,13,Tim Ream,DEF,Fulham FC,22000000,55,1997-08-08,183,5
318,13,Auston Trusty,DEF,Celtic FC,6000000,8,1998-08-12,190,0
319,13,Weston McKennie,MID,Borussia Mönchengladbach,4000000,39,2002-11-13,187,10
320,13,Giovanni Reyna,MID,Juventus FC,12613979,67,1998-08-28,180,12
321,13,Christian Pulisic,FWD,PSV Eindhoven,30000000,38,2003-01-09,185,13
322,13,Folarin Balogun,FWD,AC Milan,40000000,87,1998-09-18,177,33
323,13,Ricardo Pepi,FWD,Leeds United FC,22000000,58,2000-10-22,177,9
324,13,Max Arfsten,DEF,FC Cincinnatti,3500000,40,1997-03-14,187,3
325,13,Timothy Michael Ream,DEF,Charlotte FC,150000,83,1987-10-05,186,1
326,13,Brenden Aaronson,MID,Vancouver Whitecaps FC,8000000,14,2001-05-10,175,1
327,13,Malik Tillman,MID,Seattle Sounders FC,3500000,47,1995-06-03,173,0
328,13,Alexander Michael Freeman,DEF,Villarreal CF,3500000,18,2004-08-09,188,2
329,13,Cristian Roldan,MID,Bayer 04 Leverkusen,30000000,31,2002-05-28,187,3
330,13,Maximilian Michael Arfsten,DEF,Columbus Crew,5000000,20,2001-04-19,185,1
331,13,Timothy Weah,FWD,Coventry City FC,16000000,20,1998-03-27,191,7
332,13,Haji Wright,FWD,AS Monaco,40000000,28,2001-07-03,179,11
333,13,Timothy Tarpeh Weah,FWD,Olympique Marseille,20000000,52,2000-02-22,183,7
334,13,Mc,DEF,Toulouse FC,20375657,29,1999-02-25,186,0
335,13,Joseph Michael Scally,DEF,Borussia Mönchengladbach,7000000,26,2002-12-31,184,0
336,13,Matt Freese,GK,New York City FC,2000000,16,1998-09-02,198,0
337,13,Chris Brady,GK,Chicago Fire FC,2500000,1,2004-03-03,193,0
338,13,Alejandro Zendejas,FWD,Club América,7172409,14,1998-02-07,167,2
339,14,Gatito Fernández,GK,Cerro Porteño,2877652,30,1988-03-29,191,0
340,14,Gustavo Gómez,DEF,Cerro Porteño,4446693,14,1991-04-17,189,1
341,14,Omar Alderete,DEF,Sunderland AFC,5552187,37,1996-12-26,190,3
342,14,Fabián Balbuena,DEF,FC Dynamo Moscow,5000000,18,2000-06-01,187,0
343,14,Júnior Alonso,DEF,Grêmio FBPA,3158476,47,1991-08-23,188,2
344,14,Gustavo Velázquez,DEF,Atlético Mineiro,4302887,72,1993-02-09,184,3
345,14,Julio Enciso,MID,SE Palmeiras,6694280,30,1999-08-31,178,1
346,14,Diego Gómez,MID,Brighton & Hove Albion FC,5416942,25,2003-03-27,183,3
347,14,Miguel Almirón,FWD,US Cremonese,4145033,49,1996-03-04,180,7
348,14,Andrés Cubas,MID,Atlanta United FC,7309787,77,1994-02-10,178,10
349,14,Braian Ojeda,MID,SE Palmeiras,4506196,4,2001-06-22,175,1
350,14,Orlando Gill,GK,CA San Lorenzo,7417578,7,2000-06-11,190,0
351,14,José Canale,DEF,CA Lanús,7223563,2,1996-07-20,192,0
352,14,Damián Bobadilla,MID,Vancouver Whitecaps FC,4500000,34,1996-05-11,166,0
353,14,Gustavo Raul Gomez,DEF,SE Palmeiras,2612757,90,1993-05-06,179,4
354,14,Alejandro Romero Gamarra,MID,São Paulo FC,3318143,20,2001-07-11,180,1
355,14,Antonio Sanabria,FWD,Al Ain FC,3500000,35,1995-01-11,165,6
356,14,Ramón Sosa,FWD,CS Independiente Rivadavia,5962068,16,1995-06-16,188,1
357,14,Alex Arce,FWD,RC Strasbourg,3137207,33,2004-01-23,168,4
358,14,Braian Oscar Ojeda,MID,Orlando City SC,6658672,17,2000-06-27,173,0
359,14,Gabriel Ávalos,FWD,CA Independiente,2585416,23,1991-07-09,185,2
360,14,Gastón Olveira,GK,Club Olimpia,7598750,1,1993-04-21,191,0
361,14,Matias Galarza,MID,Atlanta United FC,7556755,15,2002-02-11,175,3
362,14,Gustavo Ruben Caballero,MID,Portsmouth FC,6673780,2,2001-09-21,189,1
363,14,Isidro Pitta,FWD,Red Bull Bragantino,6753451,5,1999-08-14,185,0
364,14,Alexandro Maidana,DEF,CA Talleres,6775453,2,2005-07-26,173,1
365,15,Mathew Ryan,GK,Levante UD,1800000,104,1992-04-08,184,0
366,15,Harry Souttar,DEF,APOEL FC,450000,57,1994-04-28,187,1
367,15,Milos Degenek,DEF,Parma,12000000,14,2003-10-10,191,1
368,15,Jordan Bos,DEF,Grazer AK,600000,6,2001-07-30,177,0
369,15,Alessandro Circati,DEF,Feyenoord Rotterdam,12000000,28,2002-10-29,180,4
370,15,Cameron Burgess,DEF,Albirex Niigata,350000,15,1993-05-10,181,0
371,15,Mathew Leckie,FWD,Melbourne City FC,300000,81,1991-02-04,181,14
372,15,Jackson Irvine,MID,FC St. Pauli,1500000,37,1999-11-05,183,2
373,15,Tete Yengi,FWD,Norwich City FC,4015299,11,2004-03-26,186,2
374,15,Ajdin Hrustic,FWD,SC Heracles Almelo,600000,37,1996-07-05,180,3
375,15,Awer Bul Mabil,FWD,CD Castellón,1300000,38,1995-09-15,178,10
376,15,Paul Izzo,GK,Randers FC,500000,4,1995-01-06,184,0
377,15,Connor Metcalfe,MID,New York City FC,6273594,32,1998-07-04,180,0
378,15,Awer Mabil,MID,Heart Of Midlothian FC,2000000,5,1998-06-07,170,0
379,15,Kai Trewin,DEF,New York City FC,1800000,6,2001-05-18,183,0
380,15,Aziz Behich,DEF,Melbourne City FC,250000,85,1990-12-16,170,3
381,15,Nestory Irankunda,FWD,Watford FC,8000000,16,2006-02-09,165,6
382,15,Patrick Beach,GK,Melbourne City FC,1000000,3,2003-08-06,189,0
383,15,Harry James Souttar,DEF,Leicester City FC,6000000,39,1998-10-22,198,11
384,15,Cristian Volpato,FWD,US Sassuolo,10000000,1,2003-11-15,187,0
385,15,Cameron Robert Burgess,DEF,Swansea City AFC,1500000,28,1995-10-21,194,0
386,15,Aiden O'Neill,MID,FC St. Pauli,1000000,83,1993-03-07,189,14
387,15,Nishan Matthew Velupillay,FWD,Melbourne Victory FC,650000,8,2001-05-07,181,3
388,15,Cameron Devlin,MID,Sydney FC,1200000,7,2005-01-24,185,0
389,15,Lucas Herrington,DEF,Colorado Rapids,4500000,4,2007-09-05,193,0
390,15,Tete Owen Yengi,FWD,FC Machida Zelvia,450000,2,2000-11-28,197,1
391,16,Uğurcan Çakır,GK,Fenerbahçe SK,500000,37,1989-03-01,196,0
392,16,Zeki Çelik,DEF,AS Roma,14000000,62,1997-02-17,180,3
393,16,Ferdi Kadıoğlu,DEF,Al Ahli FC,12000000,64,1998-03-05,190,6
394,16,Çağlar Söyüncü,DEF,Fenerbahçe SK,14812148,60,1996-05-23,185,2
395,16,Hakan Çalhanoğlu,MID,Borussia Dortmund,3500000,31,1998-01-11,182,1
396,16,Arda Güler,MID,Be ş ikta ş  JK,25000000,51,2000-12-29,175,4
397,16,Kenan Yıldız,FWD,Fenerbahçe SK,20000000,53,1998-10-21,172,15
398,16,Kerem Aktürkoğlu,FWD,Real Madrid C. F.,90000000,31,2005-02-25,175,6
399,16,Barış Alper Yılmaz,FWD,FC Porto,5000000,9,2004-07-02,192,2
400,16,Orkun Kökçü,MID,FC Internazionale Milano,16000000,107,1994-02-08,178,22
401,16,Yunus Akgün,FWD,Juventus FC,75000000,29,2005-05-04,187,5
402,16,Mert Günok,GK,Manchester United FC,5000000,12,1998-04-14,198,0
403,16,Ozan Kabak,DEF,Galatasaray SK,5000000,23,2000-07-07,181,0
404,16,Mert Müldür,DEF,Galatasaray SK,4748975,28,1994-09-07,185,2
405,16,Ozan Muhammed Kabak,DEF,TSG Hoffenheim,15000000,30,2000-03-25,187,2
406,16,Salih Özcan,MID,Fenerbahçe SK,8513692,33,1999-01-26,183,1
407,16,Oğuz Aydın,FWD,Kasımpa ş a SK,11191281,47,1995-07-15,180,6
408,16,Mert Muldur,DEF,Fenerbahçe SK,7000000,46,1999-04-03,184,3
409,16,Deniz Gül,FWD,Galatasaray SK,18000000,20,2000-07-07,173,4
410,16,Ferdi Erenay Kadioglu,DEF,Brighton & Hove Albion FC,35000000,31,1999-10-07,174,2
411,16,Barı ş Alper Yilmaz,FWD,Galatasaray SK,6205279,36,2000-05-23,186,4
412,16,İsmail Yüksek,MID,Galatasaray SK,1500000,73,1994-11-10,185,5
413,16,Altay Bayındır,GK,Galatasaray SK,15000000,40,1996-04-05,191,0
414,16,Oguz Aydin,FWD,Fenerbahçe SK,7000000,11,2000-10-27,183,0
415,16,Samet Akaydin,DEF,Çaykur Rizespor,1200000,19,1994-03-13,190,1
416,16,Can Yılmaz Uzun,FWD,Eintracht Frankfurt,45000000,6,2005-11-11,186,1
417,17,Manuel Neuer,GK,FC Bayern München,4000000,125,1986-03-27,193,0
418,17,Antonio Rüdiger,DEF,Real Madrid C. F.,16677344,83,1993-03-03,190,3
419,17,Jonathan Tah,DEF,Borussia Dortmund,18000000,14,1996-07-20,189,0
420,17,Nico Schlotterbeck,DEF,FC Bayern München,28000000,48,1996-02-11,195,1
421,17,Joshua Kimmich,MID,FC Bayern München,90000000,12,2004-05-03,188,1
422,17,Waldemar Anton,DEF,FC Bayern München,35000000,111,1995-02-08,177,10
423,17,Kai Lukas Havertz,FWD,Arsenal FC,55000000,59,1999-06-11,190,24
424,17,Aleksandar Pavlović,MID,FC Bayern München,12000000,71,1995-02-06,189,15
425,17,Leon Goretzka,MID,VfB Stuttgart,40000000,5,2001-02-26,185,1
426,17,Jamal Musiala,MID,FC Bayern München,100000000,43,2003-02-26,180,10
427,17,Florian Wirtz,FWD,Newcastle United FC,55000000,11,2002-02-14,198,4
428,17,Alexander Nübel,GK,TSG Hoffenheim,2500000,13,1990-06-02,187,0
429,17,Angelo Stiller,MID,Brighton & Hove Albion FC,23591065,18,1991-06-15,181,1
430,17,Kai Havertz,FWD,Borussia Dortmund,40000000,9,2002-10-17,185,0
431,17,Nathaniel Brown,DEF,Borussia Dortmund,55000000,28,1999-12-01,191,1
432,17,Pascal Groß,MID,VfB Stuttgart,45000000,8,2001-04-04,183,0
433,17,Felix Nmecha,MID,Liverpool FC,100000000,42,2003-05-03,176,11
434,17,Nathaniel Christopher Brown,DEF,Eintracht Frankfurt,40000000,6,2003-06-16,176,1
435,17,Leroy Aziz Sane,MID,Galatasaray SK,20000000,77,1996-01-11,183,17
436,17,Nadiem Amiri,MID,1. FSV Mainz 05,17000000,11,1996-10-27,178,1
437,17,Alexander Nuebel,GK,VfB Stuttgart,21973220,3,1996-09-30,193,0
438,17,David Raum,DEF,RB Leipzig,25000000,38,1998-04-22,180,1
439,17,Felix Kalu Nmecha,MID,Borussia Dortmund,50000000,9,2000-10-10,190,2
440,17,Malick Thiaw,DEF,Newcastle United FC,45000000,5,2001-08-08,194,0
441,17,Forzan Assan Ouedraogo,MID,RB Leipzig,28000000,1,2006-05-09,191,1
442,17,Nick Woltemade,FWD,VfB Stuttgart,22000000,10,1996-07-19,179,7
443,18,Eloy Room,GK,Miami FC,200000,73,1989-02-06,190,0
444,18,Joshua Brenet,DEF,Sparta Rotterdam,1300000,8,2001-08-19,174,0
445,18,Riechedly Bazoer,DEF,Abha Club,450000,60,1993-12-23,183,1
446,18,Armando Obispo,DEF,RKC Waalwijk,375000,28,1998-06-09,186,1
447,18,Shurandy Sambo,DEF,PEC Zwolle,800000,28,1998-08-23,181,0
448,18,Leandro Bacuna,MID,RKC Waalwijk,400000,29,1999-08-19,178,1
449,18,Juninho Bacuna,MID,FC Volendam,1700000,51,1997-08-07,178,14
450,18,Godfried Roemeratoe,MID,FC Zürich,500000,21,2004-02-03,185,3
451,18,Tahith Chong,FWD,Miami FC,1800000,14,1993-11-07,193,1
452,18,Livano Comenencia,MID,I ğ dır FK,900000,73,1991-08-21,180,16
453,18,Gervane Kastaneer,FWD,AE Kifisia FC,800000,28,2002-03-29,164,4
454,18,Jürgen Locadia,FWD,Middlesbrough FC,2705885,7,2002-05-18,176,1
455,18,Jearl Margaritha,FWD,SC Telstar,750000,7,2002-09-11,182,1
456,18,Kenji Gorré,FWD,Maccabi Haifa FC,800000,38,1994-09-29,174,6
457,18,Tyrese Noslin,MID,Rotherham United FC,4611989,9,2003-09-04,180,2
458,18,Sontje Hansen,FWD,SK Beveren,1500000,23,2000-04-10,181,5
459,18,Brandley Kuwas,FWD,FC Volendam,250000,36,1992-09-19,181,2
460,18,Juriën Gaari,DEF,PSV Eindhoven,4000000,7,1999-03-05,185,0
461,18,Gervane Zjandric Adonnis Kastaneer,FWD,Terengganu FC,200000,30,1996-06-09,189,9
462,18,Roshon van Eijma,DEF,Kayserispor,1000000,18,1994-03-20,181,2
463,18,Kevin Felida,MID,Shefield United FC,6000000,7,1999-12-04,185,3
464,18,Kevin Antonio Felida,MID,FC Den Bosch,350000,19,1999-11-11,174,1
465,18,Sherel Floranus,DEF,Konyaspor,1500000,6,1996-10-12,184,0
466,18,Deveron Lenny Fonville,DEF,NEC Nijmegen,1500000,3,2003-05-16,188,0
467,18,Tyrick Bodak,GK,SC Telstar,25000,4,2002-05-15,190,0
468,18,Trevor Irving Doornbusch,GK,VVV Venlo,5650213,8,1999-07-06,188,0
469,19,Alban Lafont,GK,Çaykur Rizespor,5000000,37,2000-08-21,194,0
470,19,Wilfried Singo,DEF,Sporting CP,42000000,16,2003-12-04,190,1
471,19,Evan Ndicka,DEF,Gil Vicente FC,3000000,55,1995-12-27,176,0
472,19,Franck Kessié,MID,NK Maribor,1500000,65,1991-07-19,168,4
473,19,Odilon Kossounou,DEF,Galatasaray SK,23000000,36,2000-12-25,182,1
474,19,Ibrahim Sangaré,MID,FC Porto,8000000,33,1995-05-07,185,7
475,19,Ghislain Konan,DEF,Atalanta Bergamo,10688600,37,2001-01-04,191,0
476,19,Seko Fofana,MID,Al Ahli FC,12000000,105,1996-12-19,183,15
477,19,Nicolas Pépé,FWD,FC Internazionale Milano,35000000,2,2003-10-25,189,0
478,19,Evann Guessand,FWD,AS Monaco,22000000,29,2002-01-01,175,5
479,19,Ange-Yoan Bonny,FWD,RB Leipzig,90000000,11,2006-11-14,180,3
480,19,Elye Wahi,FWD,OGC Nice,5936106,3,2003-01-02,181,0
481,19,Guela Doué,DEF,Ba ş ak ş ehir FK,4000000,12,1997-04-29,183,0
482,19,Yan Diomande,FWD,Cercle Brugge,5000000,29,2003-12-20,182,6
483,19,Amad Diallo,FWD,Manchester United FC,45000000,20,2002-07-11,173,7
484,19,Mohamed Koné,GK,Sporting Charleroi,2000000,0,2002-03-07,186,0
485,19,Emmanuel Agbadou,DEF,RC Strasbourg,20000000,21,2002-10-17,187,3
486,19,Jean Michaël Seri,MID,Nottingham Forest FC,20000000,56,1997-12-02,191,11
487,19,Nicolas Pepe,FWD,Villarreal CF,6000000,57,1995-05-29,183,12
488,19,Ousmane Diomande,DEF,Be ş ikta ş  JK,3641636,22,1997-06-17,185,2
489,19,Obite Evan Ndicka,DEF,AS Roma,35000000,29,1999-08-20,192,0
490,19,Evann Ludovic Vidjannagni Guessand,FWD,Crystal Palace FC,25000000,21,2001-07-01,188,4
491,19,Alban-Marc Lafont,GK,Panathinaikos FC,3000000,4,1999-01-23,196,0
492,19,Bazoumana Toure,FWD,TSG Hoffenheim,40000000,7,2006-03-02,178,2
493,19,Christ Inao Oulaï,MID,Sporting Charleroi,5000000,5,2001-02-22,165,0
494,19,Christ Ravynel Inao Oulai,MID,Trabzonspor,23000000,10,2006-04-06,173,0
495,20,Hernán Galíndez,GK,CA Huracán,300000,36,1987-03-30,189,0
496,20,Piero Hincapié,DEF,SC Internacional,13319015,49,1997-01-11,187,5
497,20,Willian Pacho,DEF,Arsenal FC,7459595,53,2002-01-09,183,2
498,20,Félix Torres,DEF,Club Brugge,10213280,18,2004-04-21,188,0
499,20,Moisés Caicedo,MID,Independiente Del Valle,5599619,11,1999-08-05,168,1
500,20,Joel Ordóñez,DEF,Paris Saint-Germain,14162504,35,2001-10-16,188,2
501,20,Pervis Estupiñán,DEF,AC Milan,12184475,54,1998-01-21,175,5
502,20,Alan Franco,MID,Royal Antwerp FC,10507076,3,2003-07-21,173,1
503,20,Enner Valencia,FWD,Venezia FC,6316718,23,2000-06-23,170,3
504,20,Jordy Alcívar,MID,CA River Plate,9973651,26,2007-05-04,178,2
505,20,Kendry Páez,FWD,Royale Union Saint-Gilloise,6049189,32,2000-03-04,190,2
506,20,Moisés Ramírez,GK,AE Kifisia FC,13662114,7,2000-09-09,185,0
507,20,Gonzalo Plata,FWD,CF Pachuca,10214695,106,1989-11-04,177,49
508,20,Denil Castillo,MID,Atlético Mineiro,10962005,21,2003-05-14,174,2
509,20,Pedro Vite,MID,Pumas UNAM,13002779,18,2002-03-09,172,1
510,20,Kevin Rodríguez,FWD,CA Huracán,12750109,20,1997-11-18,186,4
511,20,Ángelo Preciado,DEF,Atlético Mineiro,5533861,57,1998-02-18,174,0
512,20,Anthony Valencia,MID,FC Midtjylland,4413076,5,2004-03-24,189,0
513,20,John Yeboah,FWD,CR Flamengo,4381410,51,2000-11-01,178,8
514,20,Nilson Angulo,FWD,Sunderland AFC,8661312,15,2003-06-19,184,2
515,20,Alan Steven Franco,MID,Atlético Mineiro,6237924,59,1998-08-21,175,1
516,20,Gonzalo Valle,GK,LDU Quito,14382507,4,1996-02-28,186,0
517,20,Moisés Isaac Caicedo,MID,Chelsea FC,14347943,62,2001-11-02,178,3
518,20,Jeremy Alberto Arevalo,FWD,VfB Stuttgart,15938236,4,2005-03-19,182,0
519,20,Jackson Porozo,DEF,Club Tijuana,11733933,10,2000-08-04,192,1
520,20,Yaimar Medina,DEF,KRC Genk,16480262,6,2004-11-05,173,0
521,21,Mark Flekken,GK,Brighton & Hove Albion FC,40000000,30,2002-08-18,193,0
522,21,Denzel Dumfries,DEF,Sunderland AFC,20000000,21,2000-07-18,185,0
523,21,Tijjani Reijnders,MID,Atalanta Bergamo,3200000,43,1991-03-29,186,1
524,21,Virgil Van Dijk,DEF,Liverpool FC,15000000,93,1991-07-08,195,13
525,21,Nathan Aké,DEF,Manchester City FC,12000000,60,1995-02-18,180,5
526,21,Jan Paul van Hecke,DEF,Brighton & Hove Albion FC,40926235,13,2000-06-08,189,0
527,21,Ryan Gravenberch,MID,AFC Bournemouth,25000000,12,1999-05-05,173,0
528,21,Mats Wieffer,MID,Liverpool FC,80000000,28,2002-05-16,190,1
529,21,Cody Gakpo,FWD,AFC Ajax,2000000,52,1992-08-07,197,14
530,21,Justin Kluivert,FWD,SC Corinthians,7000000,110,1994-02-13,178,55
531,21,Cody Mathès Gakpo,FWD,Liverpool FC,60000000,51,1999-05-07,193,21
532,21,Lutsharel Geertruida,DEF,Brighton & Hove Albion FC,25000000,15,1999-11-16,189,1
533,21,Robin Roefs,GK,Sunderland AFC,28000000,1,2003-01-17,193,0
534,21,Marten de Roon,MID,Manchester City FC,50000000,33,1998-07-29,178,7
535,21,Jorrel Hato,DEF,Tottenham Hotspur FC,50000000,22,2001-04-19,193,1
536,21,Guus Berend Til,MID,PSV Eindhoven,15000000,7,1997-12-22,188,1
537,21,Noa Lang,FWD,Galatasaray SK,22000000,15,1999-06-17,176,3
538,21,Crysencio Summerville,FWD,AS Roma,45000000,54,1999-01-19,178,13
539,21,Brian Ebenezer Adjei Brobbey,FWD,Sunderland AFC,30000000,13,2002-02-01,181,1
540,21,Teun Koopmeiners,MID,Juventus FC,29091311,29,1998-02-28,185,3
541,21,Frenkie De Jong,MID,FC Barcelona,35000000,67,1997-05-12,181,2
542,21,Denzel Justus Morris Dumfries,DEF,FC Internazionale Milano,25000000,73,1996-04-18,188,11
543,21,Mark Maria Hubertus Flekken,GK,Bayer 04 Leverkusen,6000000,12,1993-06-13,195,0
544,21,Crysencio Jilbert Sylverio Cir Summerville,FWD,West Ham United FC,35000000,3,2001-10-30,172,1
545,21,Jorrel Evan Hato,DEF,Chelsea FC,40000000,8,2006-03-07,182,0
546,21,Quinten Ryan Crispito Timber,MID,Olympique Marseille,25000000,12,2001-06-17,176,1
547,22,Zion Suzuki,GK,Parma,20000000,26,2002-08-21,190,0
548,22,Ko Itakura,DEF,SV Werder Bremen,5500000,23,2000-06-28,179,2
549,22,Yukinari Sugawara,DEF,Sint-Truiden VV,750000,40,1991-07-15,185,1
550,22,Shogo Taniguchi,DEF,AFC Ajax,8000000,41,1997-01-27,188,3
551,22,Yuto Nagatomo,DEF,FC Tokyo,100000,145,1986-09-12,170,4
552,22,Yuya Osako,FWD,Borussia Mönchengladbach,4000000,14,1999-09-30,185,5
553,22,Ao Tanaka,MID,Leeds United FC,13000000,38,1998-09-10,180,8
554,22,Takefusa Kubo,MID,Real Sociedad,20000000,50,2001-06-04,173,7
555,22,Shuto Machino,FWD,Sint-Truiden VV,10000000,4,2005-06-03,191,0
556,22,Ritsu Doan,MID,Eintracht Frankfurt,17000000,67,1998-06-16,172,11
557,22,Daizen Maeda,MID,Celtic FC,13000000,29,1997-10-20,173,5
558,22,Keisuke Osako,GK,Sanfrecce Hiroshima,2000000,11,1999-07-28,188,0
559,22,Keito Nakamura,MID,Stade Reims,10000000,27,2000-07-28,180,12
560,22,Junya Ito,MID,KRC Genk,3000000,70,1993-03-09,177,15
561,22,Daichi Kamada,MID,Crystal Palace FC,10000000,50,1996-08-05,180,13
562,22,Tsuyoshi Watanabe,DEF,Feyenoord Rotterdam,10000000,13,1997-02-05,184,0
563,22,Yuito Suzuki,MID,SC Freiburg,24000000,6,2001-10-25,175,0
564,22,Ayase Ueda,FWD,Feyenoord Rotterdam,17000000,41,1998-08-28,182,16
565,22,Koki Ogawa,FWD,NEC Nijmegen,2000000,16,1997-08-08,186,11
566,22,Ayumu Seko,DEF,Le Havre AC,5000000,14,2000-06-07,186,0
567,22,Hiroki Ito,DEF,FC Bayern München,18000000,26,1999-05-12,188,1
568,22,Takehiro Tomiyasu,DEF,AFC Ajax,5000000,44,1998-11-05,187,1
569,22,Tomoki Hayakawa,GK,Kashima Antlers,2000000,4,1999-03-03,187,0
570,22,Kaishu Sano,MID,1. FSV Mainz 05,40000000,15,2000-12-30,176,0
571,22,Junnosuke Suzuki,DEF,FC København,3500000,6,2003-07-12,180,0
572,22,Kento Shiogai,FWD,VfL Wolfsburg,8000000,3,2005-03-26,180,0
573,23,Jacob Widell Zetterström,GK,Derby County FC,2500000,3,1998-07-11,197,0
574,23,Victor Lindelöf,DEF,SC Braga,10000000,12,2000-04-10,193,2
575,23,Isak Hien,DEF,Aston Villa FC,7447445,77,1994-07-17,187,3
576,23,Gustaf Lagerbielke,DEF,Atalanta Bergamo,22000000,30,1999-01-13,191,0
577,23,Gabriel Gudmundsson,DEF,Leeds United FC,20000000,25,1999-04-29,181,0
578,23,Carl Starfelt,DEF,FC Dallas,1800000,3,1997-10-16,190,0
579,23,Lucas Bergvall,MID,Tottenham Hotspur FC,35000000,11,2006-02-02,187,0
580,23,Herman Johansson,DEF,Borussia Dortmund,22000000,14,2002-02-12,183,0
581,23,Viktor Gyökeres,FWD,Liverpool FC,85000000,59,1999-09-21,190,18
582,23,Mattias Svanberg,MID,Celtic FC,14000000,12,2001-07-08,187,3
583,23,Alexander Isak,FWD,Newcastle United FC,32000000,31,2002-04-27,178,6
584,23,Viktor Johansson,GK,Stoke City FC,12000000,12,1998-09-14,187,0
585,23,Daniel Svensson,MID,Pafos FC,800000,32,1993-09-30,180,5
586,23,Eric Smith,DEF,Burnley FC,5000000,13,1998-10-21,187,0
587,23,Carl Anders Theodor Starfelt,DEF,RC Celta Vigo,4500000,18,1995-06-01,185,0
588,23,Jesper Karlström,MID,Udinese,4000000,25,1995-06-21,182,0
589,23,Anthony Elanga,FWD,Arsenal FC,65000000,34,1998-06-04,189,21
590,23,Benjamin Nygren,MID,Brighton & Hove Albion FC,35000000,22,2003-10-06,172,5
591,23,Mattias Olof Svanberg,MID,VfL Wolfsburg,8000000,41,1999-01-05,186,3
592,23,Eric Anders Smith,DEF,FC St. Pauli,5000000,2,1997-01-08,192,0
593,23,Alexander Olof Bernhardsson,DEF,Holstein Kiel,3000000,12,1998-09-08,184,0
594,23,Besfort Zeneli,MID,Royale Union Saint-Gilloise,6000000,8,2002-11-21,187,0
595,23,Kristoffer Nordfeldt,GK,AIK Stockholm,175000,22,1989-06-23,190,0
596,23,Elliot Karl Stroud,DEF,Mjällby AIF,5000000,2,2002-06-22,185,0
597,23,Alexander Bernhardsson,FWD,Club Brugge,1800000,9,1997-05-23,197,4
598,23,Gustaf Nilsson,FWD,Malmö FF,1500000,2,1998-07-01,174,0
599,24,Mouhib Chamakh,GK,Club Africain,600000,4,2001-08-25,189,0
600,24,Montassar Talbi,DEF,OGC Nice,9019352,47,1993-12-20,177,7
601,24,Dylan Bronn,DEF,FC Lorient,8000000,65,1998-05-26,190,4
602,24,Ali Abdi,DEF,NK Maribor,600000,7,2001-12-20,188,1
603,24,Omar Rekik,DEF,Kasımpa ş a SK,4000000,2,2004-07-17,188,0
604,24,Adem Arous,DEF,Servette FC,600000,52,1995-06-19,186,2
605,24,Anis Ben Slimane,FWD,FC København,3000000,31,1999-02-10,187,5
606,24,Ismaël Gharbi,FWD,Hannover 96,3000000,16,1999-12-27,185,3
607,24,Hazem Mastouri,FWD,FC Dynamo Makhachkala,900000,19,1997-06-18,191,4
608,24,Ellyes Skhiri,MID,Burnley FC,15000000,46,2003-01-21,177,1
609,24,Hannibal Mejbri,MID,FC Augsburg,5000000,18,2004-04-10,180,2
610,24,Mohamed Belhadj Mahmoud,DEF,Kasımpa ş a SK,1500000,18,1994-07-02,188,0
611,24,Elias Achouri,MID,1. FC Union Berlin,2000000,4,1994-01-27,188,0
612,24,Rani Khedira,MID,Paris Saint-Germain,200000,4,2005-02-02,174,0
613,24,Mohamed Hadj Mahmoud,MID,FC Lugano,4322938,10,2000-04-24,179,0
614,24,Mortadha Ben Ouanes,GK,CS Sfaxien,800000,37,1997-01-28,188,0
615,24,Ellyes Joris Skhiri,MID,Eintracht Frankfurt,5000000,84,1995-05-10,185,4
616,24,Rayan Elloumi,FWD,Vancouver Whitecaps FC,800000,4,2007-09-17,180,0
617,24,Firas Chaouat,FWD,Club Africain,350000,31,1996-05-08,185,6
618,24,Yan Valery,DEF,BSC Young Boys,1500000,23,1999-02-22,181,0
619,24,Mohamed Amine Ben Hmida,DEF,Espérance De Tunisie,700000,14,1995-12-15,181,0
620,24,Sabri Ben Hessen,GK,Étoile Du Sahel,3941856,1,1996-06-13,189,0
621,24,Moutaz Neffati,DEF,IFK Norrköping FK,250000,5,2004-09-04,182,0
622,24,Raed Chikhaoui,DEF,US Monastir,150000,0,2004-06-09,191,0
623,24,Anis Slimane,MID,Norwich City FC,2680368,41,2001-03-16,188,4
624,24,Sebastian Tounekti,MID,Celtic FC,5000000,13,2002-07-13,182,1
625,25,Thibaut Courtois,GK,Real Madrid C. F.,15000000,110,1992-05-11,199,0
626,25,Zeno Debast,DEF,Sporting CP,28000000,26,2003-10-24,189,1
627,25,Maxim De Cuyper,DEF,Eintracht Frankfurt,35104832,33,2000-05-25,185,1
628,25,Arthur Theate,DEF,Club Brugge,2800000,10,1993-01-28,190,1
629,25,Thomas Meunier,DEF,Brighton & Hove Albion FC,10770288,20,2000-12-22,182,4
630,25,Youri Tielemans,MID,Girona FC,36911237,138,1989-01-12,186,12
631,25,Kevin De Bruyne,MID,SSC Napoli,8000000,120,1991-06-28,181,37
632,25,Amadou Onana,MID,Aston Villa FC,19479392,86,1997-05-07,176,13
633,25,Jeremy Doku,FWD,SSC Napoli,22000000,127,1993-05-13,190,90
634,25,Alexis Saelemaekers,FWD,Arsenal FC,18000000,52,1994-12-04,172,12
635,25,Jeremy Baffour Doku,FWD,Manchester City FC,75000000,44,2002-05-27,173,7
636,25,Senne Lammens,GK,Manchester United FC,35000000,2,2002-07-07,193,0
637,25,Mike Louis Penders,GK,RC Strasbourg,25000000,0,2005-07-31,200,0
638,25,Diego Moreira,FWD,SL Benfica,26818771,30,1997-09-24,184,6
639,25,Brandon Mechele,DEF,Lille OSC,28954891,81,1991-09-12,190,10
640,25,Axel Witsel,DEF,AC Milan,23000000,8,2002-06-12,191,0
641,25,Charles Marc De Ketelaere,FWD,Atalanta Bergamo,19898799,31,2001-03-10,192,6
642,25,Joaquin Ronny Seys,DEF,Club Brugge,20000000,5,2005-03-28,178,0
643,25,Nicolas Raskin,MID,RC Strasbourg,24580742,3,2004-08-06,179,0
644,25,Charles De Ketelaere,MID,Club Brugge,5000000,35,1992-08-24,195,7
645,25,Timothy Castagne,DEF,Fulham FC,8000000,64,1995-12-05,185,2
646,25,Hans Vanaken,MID,AC Milan,25194117,24,1999-06-27,180,2
647,25,Nicolas Thierry Raskin,MID,Rangers FC,34430929,14,2001-02-23,178,2
648,25,Amadou Ba Onana,MID,Aston Villa FC,27121973,30,2001-08-16,192,1
649,25,Nathan Ngoy,DEF,Lille OSC,25000000,5,2003-06-10,183,0
650,25,Matias Fernandez-Pardo,FWD,Lille OSC,35000000,3,2005-02-03,188,0
651,26,Mohamed El Shenawy,GK,Al Ahly FC,3226767,77,1988-12-18,191,0
652,26,Mohamed Abdelmoneim,DEF,Al Ahly FC,4084367,19,1993-02-10,185,1
653,26,Mohamed Hany,DEF,Al Ahly FC,9185220,44,1996-02-02,175,0
654,26,Yasser Ibrahim,DEF,Zamalek SC,8500477,13,2001-04-30,193,0
655,26,Ahmed Fatouh,DEF,Al Ain FC,9869546,48,1993-05-20,183,6
656,26,Rami Rabia,DEF,OGC Nice,8549809,36,1999-02-01,184,3
657,26,Mohamed Salah,FWD,Al Ahly FC,7946604,96,1994-10-01,181,23
658,26,Emam Ashour,MID,Al Ahly FC,4161395,30,1998-02-20,180,1
659,26,Omar Marmoush,FWD,FC Barcelona,9057086,3,2008-01-01,182,0
660,26,Hamed Mahrous Mohamed Salah,FWD,Liverpool FC,22000000,117,1992-06-15,175,67
661,26,Hamdy Fathy,MID,Pyramids FC,10781673,3,1997-04-27,179,2
662,26,Trezeguet,FWD,Real Oviedo,8284369,4,2002-02-08,175,0
663,26,Karim Hafez,DEF,Zamalek SC,10458281,40,1998-03-22,177,1
664,26,Mostafa Zico,MID,Al Wakrah SC,9580178,65,1994-09-29,183,4
665,26,Hossam Abdelmaguid,DEF,Pyramids FC,7314242,10,1996-03-12,174,0
666,26,Mostafa Shoubir,GK,Zamalek SC,6756808,0,1987-06-08,189,0
667,26,Mahmoud Saber,MID,Pyramids FC,3736043,24,1996-05-29,186,0
668,26,Mohanad Lashin,MID,Al Najmah SC,6807358,12,1996-04-06,179,0
669,26,Marawan Attia,MID,Al Ahly FC,5436592,36,1998-08-01,176,1
670,26,Zizo,FWD,FC Nordsjælland,7688182,25,2001-04-23,178,3
671,26,Saber Abdelmohsen Mahmoud,MID,ZED FC,9717210,15,2001-07-30,170,1
672,26,Ibrahim Adel,FWD,Manchester City FC,3005275,51,1999-02-07,180,11
673,26,Abdelaziz Mohame Mostafa,GK,Al Ahly FC,7386810,11,2000-05-15,195,0
674,26,Abdelghaffar Abdel Tarek Alaa,DEF,ZED FC,6326828,3,2002-01-05,178,0
675,26,Hamza Abdelkarim,FWD,Al Ahly FC,4620676,65,1996-01-10,175,5
676,26,Alaaeldin Soliman Mohamed Alaa,GK,El Gouna FC,3110003,0,1999-01-01,188,0
677,27,Alireza Beiranvand,GK,Tractor Sazi Tabriz FC,13579782,88,1992-09-21,195,0
678,27,Ehsan Hajsafi,DEF,Esteghlal Tehran FC,6250097,18,1998-12-26,176,1
679,27,Hossein Kanani,DEF,Sepahan SC,17606596,147,1990-02-25,178,7
680,27,Shoja Khalilzadeh,DEF,Tractor Sazi Tabriz FC,200000,59,1989-05-14,183,2
681,27,Saleh Hardani,DEF,Persepolis FC,10538861,78,1993-09-29,175,1
682,27,Mehdi Torabi,MID,Shabab Al Ahli Club,12163085,85,1996-10-01,189,2
683,27,Saman Ghoddos,MID,FCV Dender EH,10308691,99,1993-08-11,180,17
684,27,Mohammad Mohebbi,MID,FC Rostov,2500000,38,1998-12-20,187,14
685,27,Mehdi Taremi,FWD,Olympiacos FC,2000000,107,1992-07-18,187,59
686,27,Mehdi Ghayedi,FWD,Al Nasr SC,4500000,31,1998-12-05,166,10
687,27,Ali Alipour,FWD,Persepolis FC,10423449,15,1995-11-11,181,1
688,27,Hossein Hosseini,GK,Persepolis FC,750000,15,1995-04-06,193,0
689,27,Mohammadhossein Kanani,DEF,Persepolis FC,13284748,65,1994-03-23,188,6
690,27,Seyed Saman Ghoddos,MID,Al Ittihad Kalba SCC,9307706,69,1993-09-06,176,3
691,27,Roozbeh Cheshmi,MID,Esteghlal Tehran FC,300000,41,1993-07-24,192,3
692,27,Mahdi Torabi,MID,Tractor Sazi Tabriz FC,1800000,52,1994-09-10,185,7
693,27,Arya Yousefi,DEF,Sepahan SC,450000,15,2002-04-22,181,1
694,27,Amirhossein Hosseinzadeh,FWD,Tractor Sazi Tabriz FC,14618632,19,2000-10-30,178,5
695,27,Ali Nemati,DEF,Foolad Khuzestan FC,25000,19,1996-02-08,182,0
696,27,Shahriyar Moghanloo,FWD,Al Ittihad Kalba SCC,900000,22,1994-12-21,189,2
697,27,Mohammad Ghorbani,MID,Al Wahda SC,1200000,16,2001-10-07,190,0
698,27,Seyedhossein Hosseini,GK,Sepahan SC,550000,14,1992-06-30,189,0
699,27,Ramin Rezaeian,DEF,Foolad Khuzestan FC,9879173,75,1990-03-21,184,9
700,27,Dennis Dargahi,FWD,Standard Liège,2000000,0,1997-01-09,182,0
701,27,Danial Iri,DEF,Malavan Anzali FC,150000,0,2003-10-26,182,0
702,27,Amirmohammad Razaghinia,MID,Esteghlal Tehran FC,150000,4,2006-04-11,187,0
703,28,Max Crocombe,GK,Millwall FC,1000000,25,1993-08-12,190,0
704,28,Tyler Bindon,DEF,Wellington Phoenix FC,350000,53,1994-01-10,179,3
705,28,Liberato Cacace,DEF,Auckland FC,600000,20,1994-11-28,181,1
706,28,Michael Boxall,DEF,Shefield United FC,3500000,26,2005-01-27,190,2
707,28,Joe Bell,DEF,Minnesota United FC,150000,65,1988-08-18,191,1
708,28,Alex Rufer,MID,Viking Stavanger,3500000,33,1999-04-27,182,1
709,28,Chris Wood,FWD,Auckland FC,400000,18,1998-05-28,182,2
710,28,Marko Stamenic,MID,Swansea City AFC,3000000,41,2002-02-19,188,3
711,28,Elijah Just,FWD,Nottingham Forest FC,5000000,91,1991-12-07,191,45
712,28,Matthew Garbett,MID,Wellington Phoenix FC,500000,29,1999-02-20,180,3
713,28,Sarpreet Singh,MID,Motherwell FC,2500000,45,2000-05-01,176,11
714,28,Alex Paulsen,GK,Lechia Gda ń sk,500000,8,2002-07-04,193,0
715,28,Francis de Vries,DEF,Wrexham AFC,2500000,38,2000-09-27,182,1
716,28,Ryan Thomas,MID,Wellington Phoenix FC,600000,26,1996-06-12,180,0
717,28,Tommy Smith,DEF,Auckland FC,400000,26,1999-02-25,185,0
718,28,Finn Surman,DEF,Portland Timbers,1800000,20,2003-09-23,190,2
719,28,Ben Waine,FWD,WS Wanderers FC,2514216,76,1990-02-19,171,10
720,28,Ben Old,FWD,Port Vale FC,400000,31,2001-06-11,185,9
721,28,Jesse Randall,MID,AS Saint-Etienne,1800000,25,2002-08-13,173,2
722,28,Callan Elliot,MID,Silkeborg IF,3891480,34,1999-04-30,180,5
723,28,Jesse Carmichael Randall,FWD,Auckland FC,900000,12,2002-08-19,176,2
724,28,Michael Cornelis Woud,GK,Auckland FC,400000,7,1999-01-16,196,0
725,28,Ryan Jared Thomas,MID,PEC Zwolle,650000,26,1994-12-20,176,3
726,28,Callan Rennie Elliot,DEF,Auckland FC,450000,12,1999-07-07,177,0
727,28,Lachlan Ryan Bayliss,MID,Newcastle United Jets FC,550000,4,2002-07-24,178,0
728,28,Thomas Jefferson Smith,DEF,Braintree Town FC,50000,57,1990-03-31,188,2
729,29,David Raya,GK,Arsenal FC,30000000,13,1995-09-15,186,0
730,29,Pedro Porro,DEF,Atlético De Madrid,63571647,2,2003-06-20,191,0
731,29,Marc Pubill,DEF,Bayer 04 Leverkusen,105387534,14,1995-09-20,171,0
732,29,Eric Garcia,DEF,FC Barcelona,99421304,21,2001-01-09,183,0
733,29,Marcos Llorente,DEF,Atlético De Madrid,74918931,25,1995-01-30,183,0
734,29,Pedri,MID,Arsenal FC,101203363,44,1996-06-22,188,10
735,29,Lamine Yamal,FWD,FC Barcelona,75804430,58,2000-02-29,183,24
736,29,Rodri,MID,Paris Saint-Germain,58551285,43,1996-04-03,188,6
737,29,Gavi,MID,FC Barcelona,30000000,31,2004-08-05,173,5
738,29,Ferran Torres,FWD,FC Barcelona,118381173,51,1998-05-07,179,12
739,29,Nico Williams,FWD,Crystal Palace FC,52741595,23,2002-10-20,174,4
740,29,Pedro Antonio Porro,DEF,Tottenham Hotspur FC,90689035,18,1999-09-13,173,0
741,29,Joan Garcia,GK,FC Barcelona,55340404,2,2001-05-04,194,0
742,29,Aymeric Laporte,DEF,Athletic Club,74740097,47,1994-05-27,191,2
743,29,Fabian Ruiz,MID,Atlético De Madrid,103201022,17,2001-07-20,172,2
744,29,Rodrigo Rodri,MID,Manchester City FC,64140986,63,1996-06-22,190,4
745,29,Nicholas Williams,FWD,Athletic Club,55314594,31,2002-07-12,181,6
746,29,Mikel Merino,MID,Arsenal FC,75607454,26,1999-02-02,181,3
747,29,Lamine Yamal,FWD,FC Barcelona,200000000,26,2007-07-13,183,6
748,29,Alex Baena,MID,FC Barcelona,150000000,42,2002-11-25,174,6
749,29,Mikel Oyarzabal,FWD,Real Sociedad,35000000,54,1997-04-21,181,25
750,29,Pau Cubarsi,DEF,FC Barcelona,65912987,13,2007-01-22,183,0
751,29,Unai Simon,GK,Athletic Club,108528435,59,1997-06-11,190,0
752,29,Marc Cucurella,DEF,Chelsea FC,84859270,25,1998-07-22,173,1
753,29,Victor Munoz,FWD,CA Osasuna,109657580,2,2003-07-13,173,1
754,29,Borja Iglesias,FWD,RC Celta Vigo,51199903,8,1993-01-17,187,0
755,30,Vozinha,GK,GD Chaves,6093165,91,1986-06-03,189,0
756,30,Roberto Pico Lopes,DEF,SCU Torreense,4000564,61,1988-05-20,178,4
757,30,Logan Costa,DEF,Al Bataeh Club,3683541,33,1995-01-17,185,2
758,30,Stopira,DEF,Shamrock Rovers FC,3354880,46,1992-06-17,186,0
759,30,Steven Moreira,DEF,Villarreal CF,1980703,28,2001-04-01,190,0
760,30,Joao Paulo,MID,FC Krasnodar,2359912,32,1997-01-27,177,3
761,30,Jamiro Monteiro,MID,CF Estrela Da Amadora,2818590,30,1998-06-14,174,3
762,30,Kevin Pina,MID,FC FCSB,6534349,42,1998-05-26,180,1
763,30,Ryan Mendes,FWD,FC Akron Tolyatti,4816424,21,2001-12-29,187,6
764,30,Jovane Cabral,MID,PEC Zwolle,6722740,56,1993-11-23,175,5
765,30,Deroy Duarte,MID,Apollon Limassol,1851678,61,1990-11-27,173,10
766,30,Marcio Rosa,GK,PFC Montana,3088031,11,1997-02-23,186,0
767,30,Sidny Cabral,DEF,SL Benfica,5929945,12,2002-09-18,176,3
768,30,Laros Duarte,MID,PFC Ludogorets Razgrad,2124154,34,1999-07-04,177,0
769,30,Yannick Semedo,MID,Puskás Akadémia FC,1740475,21,1997-02-28,180,1
770,30,SEMEDOJair Yannick,MID,SC Farense,3606772,11,1995-12-29,176,1
771,30,Johnson Willy,MID,AC Omonia,6596233,39,1994-04-27,185,3
772,30,Emanuel Telmo,MID,Vitória SC,2210275,17,2001-06-21,180,1
773,30,Dailon Livramento,FWD,Casa Pia AC,2550605,23,2001-05-04,185,7
774,30,Garry Rodrigues,FWD,I ğ dır FK,3205680,99,1990-01-08,178,22
775,30,Miguel Nuno Da Costa,MID,Ba ş ak ş ehir FK,4137438,10,1991-02-10,182,2
776,30,Wagner Pina,DEF,Columbus Crew,3956667,21,1994-08-13,178,0
777,30,Joaquim Cj Dos Santos,GK,San Diego FC,2840276,1,2000-08-24,189,0
778,30,Diney Borges,DEF,Trabzonspor,1897398,14,2002-11-03,180,0
779,30,PIRESKelvin Kelvin,DEF,SJK,4525251,6,2000-06-05,193,1
780,30,Sandro Helio Varela,MID,Maccabi Tel-Aviv FC,2700705,21,2002-05-03,176,0
781,31,Nawaf Al-Aqidi,GK,Al Nassr FC,3121699,24,2000-05-10,186,0
782,31,Abdulelah Al-Amri,DEF,Al Ahli FC,5720290,21,1999-10-02,169,0
783,31,Saud Abdulhamid,DEF,Al Hilal SC,5037792,25,1996-04-24,177,1
784,31,Hassan Al-Tambakti,DEF,Al Nassr FC,4371885,45,1997-01-15,185,2
785,31,Ali Majrashi,DEF,Al Hilal SC,4842620,55,1999-02-09,183,1
786,31,Salem Al-Dawsari,MID,Al Hilal SC,6510709,48,1998-12-19,178,1
787,31,Mohamed Kanno,MID,Al Qadsiah FC,3650357,38,2003-06-20,175,6
788,31,Saleh Al-Shehri,FWD,Al Nassr FC,5249832,26,2001-05-14,173,0
789,31,Firas Al-Buraikan,FWD,Al Ahli FC,4633539,73,2000-05-14,185,16
790,31,Khalid Al-Ghannam,FWD,Al Hilal SC,5551491,112,1991-08-19,173,27
791,31,Abdullah Al-Hamdan,FWD,Al Ittihad,5756198,59,1993-11-01,184,17
792,31,Ali Lajami,DEF,RC Lens,5163218,56,1999-07-18,172,1
793,31,Hassan Kadish,DEF,Al Nassr FC,6459488,28,1999-09-16,173,0
794,31,Nawaf Boushal,DEF,Al Ittihad,3657719,21,1992-09-26,179,2
795,31,Musab Al-Juwayr,MID,Al Nassr FC,4189131,43,1996-08-16,175,0
796,31,Nasser Al-Dawsari,MID,Al Ahli FC,5104225,12,2001-11-11,180,0
797,31,Sultan Mandash,FWD,Al Ettifaq FC,7060029,7,2000-11-08,171,0
798,31,Abdullah Al-Khaibari,MID,Neom SC,4250106,4,1995-12-03,178,0
799,31,Abdulrahman Abdullah Alhamddan,FWD,Al Nassr FC,6888825,53,1999-09-13,186,13
800,31,Ahmed Sultan Mandash,FWD,Al Hilal SC,5733150,7,1994-10-17,172,2
801,31,Mohammed Al-Owais,GK,Al Ula Saudi FC,2502052,66,1991-10-10,185,0
802,31,Ali Ahmed,GK,Al Qadsiah FC,5032883,9,1991-05-08,178,0
803,31,Aiman Yahya,MID,Al Hilal SC,2525082,80,1994-09-22,191,8
804,31,Saad Moteb Alharbi,DEF,Al Hilal SC,4634772,14,2000-02-20,177,0
805,31,Abdullatif Jehad Thikri,DEF,Al Qadsiah FC,4721565,8,2001-07-21,184,0
806,31,Waheeb Mohammed Abu Alshamat,DEF,Al Qadsiah FC,7172554,9,2002-08-11,170,0
807,32,Sergio Rochet,GK,SC Internacional,11951490,35,1993-03-23,189,0
808,32,Jose Maria Gimenez,DEF,Atlético De Madrid,11897295,99,1995-01-20,186,8
809,32,Ronald Araujo,DEF,Club América,6541600,24,1999-08-18,180,0
810,32,Mathias Olivera,DEF,FC Barcelona,17869812,27,1999-03-07,185,1
811,32,Federico Valverde,MID,Manchester United FC,7236734,36,2001-04-11,182,1
812,32,Manuel Ugarte,MID,Tottenham Hotspur FC,6218107,74,1997-06-25,187,3
813,32,Giorgian de Arrascaeta,MID,CR Flamengo,20939811,35,1997-06-01,167,5
814,32,Nicolas de la Cruz,MID,Real Madrid C. F.,15930790,74,1998-07-22,182,9
815,32,Darwin Nunez,FWD,Al Hilal SC,20956263,39,1999-06-24,185,13
816,32,Maxi Araujo,MID,CR Flamengo,8415319,59,1994-06-01,177,13
817,32,Brian Rodriguez,FWD,Panathinaikos FC,7858419,39,2001-12-20,174,2
818,32,Fernando Muslera,GK,CF Monterrey,13696698,8,1997-09-06,185,0
819,32,Sebastian Caceres,DEF,CR Flamengo,11888803,28,1993-03-24,174,0
820,32,Agustin Canobbio,MID,Fluminense FC,8000000,15,1998-10-01,176,1
821,32,Emiliano Martinez,MID,SE Palmeiras,12000000,10,1999-08-17,184,0
822,32,Guillermo Varela,DEF,SSC Napoli,21369652,36,1997-10-31,174,2
823,32,Matias Vina,DEF,CA River Plate,11419482,44,1997-11-09,180,1
824,32,Rodrigo Aguirre,FWD,Club América,16680069,34,2000-05-20,175,4
825,32,Federico Vinas,FWD,Tigres UANL,10296030,11,1994-10-01,182,3
826,32,Maximiliano Javier Araujo,MID,Sporting CP,15118771,29,2000-02-15,176,4
827,32,Federico Sebastian Vinas,FWD,Real Oviedo,11769867,12,1998-06-30,181,2
828,32,Joaquin Piquerez,MID,SE Palmeiras,9074323,19,1998-08-24,185,0
829,32,Nestor Fernando Muslera,GK,Estudiantes LP,9200709,135,1986-06-16,190,0
830,32,Santiago Ignacio Bueno,DEF,Wolverhampton Wanderers FC,7486470,8,1998-11-09,191,0
831,32,Juan Manuel Sanabria,MID,Real Salt Lake,8367423,6,2000-03-29,170,1
832,32,Radrigo Zalazar,MID,SC Braga,18162393,7,1999-08-12,175,2
833,33,Mike Maignan,GK,Stade Rennais FC,7000000,4,1994-04-25,187,0
834,33,William Saliba,DEF,Chelsea FC,35000000,11,2003-05-19,179,0
835,33,Dayot Upamecano,DEF,Aston Villa FC,6000000,58,1993-07-20,178,0
836,33,Jules Koundé,DEF,FC Bayern München,70000000,39,1998-10-27,186,2
837,33,Ibrahima Konaté,DEF,FC Barcelona,60000000,49,1998-11-12,178,0
838,33,Aurélien Tchouaméni,MID,AS Roma,59527837,14,2001-05-17,185,0
839,33,Kylian Mbappé,FWD,Paris Saint-Germain,100000000,60,1997-05-15,179,7
840,33,Adrien Rabiot,MID,Real Madrid C. F.,70000000,47,2000-01-27,188,3
841,33,Ousmane Dembélé,FWD,FC Internazionale Milano,64453524,34,1997-08-06,192,3
842,33,Kylian Mbappe,FWD,Real Madrid C. F.,180000000,99,1998-12-20,180,58
843,33,Michael Akpovie Olise,FWD,FC Bayern München,150000000,18,2001-12-12,184,7
844,33,Bradley Barcola,FWD,Paris Saint-Germain,69223108,21,2002-09-02,187,4
845,33,Manu Koné,MID,Fenerbahçe SK,4000000,69,1991-03-29,171,2
846,33,Warren Zaïre-Emery,MID,AC Milan,18000000,60,1995-04-03,191,7
847,33,Théo Hernandez,DEF,Liverpool FC,45000000,28,1999-05-25,194,0
848,33,Brice Samba,GK,AC Milan,20000000,41,1995-07-03,191,0
849,33,Lucas Hernandez,DEF,Arsenal FC,100000000,33,2001-03-24,192,0
850,33,N'Golo Kanté,MID,Paris Saint-Germain,80000000,11,2006-03-08,176,1
851,33,Malo Gusto,DEF,Al Hilal SC,20000000,45,1997-10-06,184,2
852,33,Désiré Doué,FWD,Paris Saint-Germain,120000000,8,2005-06-03,182,2
853,33,Maxence Lacroix,DEF,Paris Saint-Germain,18000000,42,1996-02-14,184,0
854,33,Michael Olise,FWD,Crystal Palace FC,30000000,4,1997-06-28,192,2
855,33,Robin Risser,GK,RC Lens,30000000,0,2004-12-02,193,0
856,33,Rayan Cherki,MID,Manchester City FC,90000000,8,2003-08-17,180,2
857,33,Maghnes Akliouche,MID,AS Monaco,50000000,9,2002-02-25,183,1
858,33,Maxence Guy Lacroix,DEF,Crystal Palace FC,50000000,4,2000-04-06,192,0
859,34,Édouard Mendy,GK,OGC Nice,7000000,2,1999-11-16,188,0
860,34,Moussa Niakhaté,DEF,Chelsea FC,22000000,8,2005-08-29,194,0
861,34,Ismail Jakobs,DEF,Al Hilal SC,4500000,105,1991-06-20,186,2
862,34,Mamadou Sarr,DEF,Maccabi Haifa FC,400000,23,1992-06-04,192,4
863,34,Idrissa Gueye,MID,Everton FC,500000,137,1989-09-26,174,7
864,34,Pape Gueye,MID,Rayo Vallecano,1800000,32,1994-03-16,186,0
865,34,Sadio Mané,FWD,Como,30000000,5,2005-09-07,185,0
866,34,Habib Diarra,MID,AS Monaco,40000000,46,2004-01-01,174,7
867,34,Ismaïla Sarr,FWD,FC Lorient,20840266,24,2000-03-23,178,2
868,34,Iliman Ndiaye,FWD,Al Nassr FC,6000000,131,1992-04-10,175,54
869,34,Assane Diao,FWD,FC Bayern München,40000000,35,2001-06-20,187,8
870,34,Bamba Dieng,FWD,Samsunspor,5000000,19,1996-01-23,190,4
871,34,Cherif Ndiaye,FWD,Everton FC,55000000,42,2000-03-06,180,4
872,34,Antoine Mendy,DEF,Galatasaray SK,8000000,31,1999-08-17,184,0
873,34,Abdoulaye Seck,DEF,AS Monaco,6000000,63,1999-02-25,173,2
874,34,Yehvann Diouf,GK,Al Ahli FC,4000000,59,1992-03-01,194,0
875,34,Pathé Ciss,MID,Tottenham Hotspur FC,30000000,41,2002-09-14,185,4
876,34,Ismaila Sarr,FWD,Crystal Palace FC,40000000,85,1998-02-25,185,19
877,34,Moussa Niakhate,DEF,Olympique Lyonnais,15000000,33,1996-03-08,190,0
878,34,Ibrahim Mbaye,FWD,Paris Saint-Germain,30000000,12,2008-01-24,175,4
879,34,Krépin Diatta,MID,Sunderland AFC,7404851,22,2004-01-03,178,4
880,34,Bara Sapoko Ndiaye,MID,FC Bayern München,4000000,1,2007-12-31,180,0
881,34,Mory Diaw,GK,Le Havre AC,900000,5,1993-06-22,197,0
882,34,Antoine Alpha Mendy,DEF,OGC Nice,10000000,7,2004-05-27,187,0
883,34,El Hadji Malick Diouf,DEF,West Ham United FC,28000000,21,2004-12-29,177,1
884,34,Pape Alassane Gueye,MID,Villarreal CF,40000000,43,1999-01-24,189,6
885,35,Fahad Talib,GK,Al Talaba SC,4191494,21,1994-10-21,192,0
886,35,Rebin Sulaka,DEF,Port FC,3130321,56,1992-04-12,193,1
887,35,Hussein Ali,DEF,Pogo ń  Szczecin,4940702,28,2002-03-01,182,1
888,35,Zaid Tahseen,DEF,Pakhtakor Tashkent FK,2466618,29,2001-01-29,187,1
889,35,Akam Hashim,DEF,Al Zawra'a SC,5802861,15,1998-08-16,184,1
890,35,Manaf Younis,DEF,Al Shorta SC,2278760,34,1996-11-16,184,1
891,35,Youssef Amyn,MID,AEK Larnaca FC,7933218,27,2003-08-21,172,2
892,35,Ibrahim Bayesh,MID,Al Dhafra SCC,3339731,77,2000-05-01,180,8
893,35,Ali Al-Hamadi,FWD,Luton Town FC,4997506,21,2002-03-01,187,5
894,35,Mohanad Ali,FWD,Dibba FC,4631293,73,2000-06-20,183,26
895,35,Ali Yousif,FWD,Nashville SC,5858031,4,2003-07-12,183,0
896,35,Jalal Hassan,GK,Al Zawra'a SC,3176574,105,1991-05-18,188,0
897,35,Ali Jasim,FWD,Al Talaba SC,2275529,7,1996-01-19,180,1
898,35,Ahmed Qasem,MID,FC Utrecht,4486768,26,2003-04-27,183,2
899,35,Ahmed Yahya,DEF,Al Karma SC,6828960,7,2001-09-24,183,0
900,35,Zidane Iqbal,MID,KS Cracovia,7581781,52,1997-07-27,180,3
901,35,Aymen Hussein,FWD,Al Najmah SC,4564274,37,2004-01-20,178,2
902,35,Hussein Ghadhban Aymen,FWD,Al Karma SC,7872504,96,1996-03-22,190,34
903,35,Amir Al-Ammari,MID,Aarhus GF,2241455,9,2000-10-10,180,0
904,35,Kevin Yakob,MID,Sarpsborg 08 FF,6237716,7,2002-12-20,180,0
905,35,Jabbar Hussein Marko Farji,FWD,Venezia FC,6073820,13,2004-03-16,185,0
906,35,Ahmed Basil,GK,Al Shorta SC,1997031,16,1996-08-19,184,0
907,35,Merchas Doski,DEF,FC Viktoria Plze ň,6178241,32,1999-12-07,173,1
908,35,Aimar Sher,MID,Al Talaba SC,5849632,7,2002-01-03,185,0
909,35,Mustafa Saadoon,DEF,Al Shorta SC,3219520,18,2001-05-25,181,0
910,35,Dhia Jirjis Frans,DEF,Persib Bandung,5714241,28,1993-07-14,182,0
911,36,Ørjan Nyland,GK,Sevilla FC,800000,72,1990-09-10,192,0
912,36,Martin Ødegaard,MID,US Cremonese,2800000,31,1996-05-05,188,0
913,36,Kristoffer Ajer,DEF,Brentford FC,18000000,53,1998-04-17,198,2
914,36,Leo Østigård,DEF,Genoa CFC,2823601,39,1999-11-28,183,2
915,36,David Møller Wolfe,DEF,Wolverhampton Wanderers FC,3655296,23,2002-04-23,185,1
916,36,Sander Berge,MID,FK Bodø/Glimt,8000000,44,1997-11-24,178,0
917,36,Erling Haaland,FWD,Atlético De Madrid,8599491,73,1995-12-05,196,26
918,36,Patrick Berg,MID,Fulham FC,25000000,67,1998-02-14,195,1
919,36,Erling Braut Haaland,FWD,Manchester City FC,200000000,51,2000-07-21,195,57
920,36,Thelo Aasgaard,MID,Arsenal FC,6777131,69,1998-12-17,178,5
921,36,Alexander Sørloth,FWD,Crystal Palace FC,9498964,28,2000-02-06,193,6
922,36,Sander Tangvik,GK,Hamburger SV,3000000,0,2002-11-29,193,0
923,36,Egil Selvik,GK,Watford FC,1500000,7,1997-07-30,187,0
924,36,Fredrik Aursnes,MID,SL Benfica,15000000,23,1995-12-10,181,1
925,36,Fredrik André Bjørkan,DEF,FK Bodø/Glimt,9608913,21,1998-08-21,180,1
926,36,Torbjørn Heggem,DEF,Torino FC,7064063,32,2000-07-16,184,0
927,36,Marcus Holmgren Pedersen,DEF,Bologna FC,13000000,16,1999-01-12,192,0
928,36,Kristian Thorstvedt,MID,US Sassuolo,12000000,38,1999-03-13,189,4
929,36,Thelonious Gerard Aasgaard,MID,Rangers FC,2800000,8,2002-05-02,188,5
930,36,Antonio Nusa,FWD,RB Leipzig,32000000,25,2005-04-17,183,8
931,36,Andreas Rædergård Schjelderup,MID,SL Benfica,8222363,13,2004-06-01,177,1
932,36,Oscar Bobb,MID,Fulham FC,28000000,21,2003-07-12,177,2
933,36,Jens Petter Hauge,MID,FK Bodø/Glimt,12000000,15,1999-10-12,184,1
934,36,Sondre Klingen Langas,DEF,Derby County FC,4000000,3,2001-02-02,190,0
935,36,Henrik Sælebakke Falchener,DEF,Viking Stavanger,6000000,1,2003-05-08,194,0
936,36,Jørgen Strand Larsen,FWD,Borussia Dortmund,25000000,44,1997-11-17,186,1
937,37,Emiliano Martínez,GK,Atlético De Madrid,3000000,4,1994-05-06,193,0
938,37,Cristian Romero,DEF,AFC Bournemouth,140833138,3,1997-05-10,185,0
939,37,Lisandro Martínez,DEF,Olympique Lyonnais,4000000,76,1992-08-31,172,1
940,37,Nicolás Otamendi,DEF,CA River Plate,4500000,40,1997-01-01,175,2
941,37,Rodrigo De Paul,MID,CA Boca Juniors,5000000,77,1994-06-29,182,5
942,37,Nicolás Tagliafico,DEF,Manchester United FC,40000000,29,1998-01-18,175,1
943,37,Enzo Fernández,MID,Inter Miami CF,14000000,88,1994-05-24,178,2
944,37,Leandro Paredes,MID,RC Strasbourg,40000000,4,2004-07-23,172,2
945,37,Lionel Messi,FWD,Atlético De Madrid,100000000,52,2000-01-31,170,14
946,37,Lionel Andrés Messi,FWD,Inter Miami CF,15000000,200,1987-06-24,170,120
947,37,Exequiel Palacios,MID,Real Betis,8000000,67,1996-04-09,177,4
948,37,Juan Musso,GK,Olympique Marseille,6000000,8,1992-05-20,189,0
949,37,Gonzalo Montiel,DEF,Tottenham Hotspur FC,45000000,52,1998-04-27,185,3
950,37,Nico Paz,MID,Bayer 04 Leverkusen,25000000,40,1998-10-05,177,0
951,37,Thiago Almada,MID,Atlético De Madrid,22000000,52,1998-04-06,180,6
952,37,Lautaro Martínez,FWD,Atlético De Madrid,15000000,17,2001-04-26,171,5
953,37,Julián Álvarez,FWD,Atlético De Madrid,40000000,13,2002-12-18,174,2
954,37,Nicolás González,FWD,Como,91126651,10,2004-09-08,185,1
955,37,Valentín Barco,DEF,SL Benfica,1000000,133,1988-02-12,182,8
956,37,Alexis Mac Allister,MID,Liverpool FC,70000000,47,1998-12-24,176,6
957,37,Giuliano Simeone,FWD,SE Palmeiras,25000000,5,2000-12-06,190,0
958,37,José Manuel López,FWD,FC Internazionale Milano,85000000,78,1997-08-22,175,37
959,37,Damián Emiliano Martinez,GK,Aston Villa FC,12000000,60,1992-09-02,195,0
960,37,Enzo Jeremías Fernandez,MID,Chelsea FC,90000000,43,2001-01-17,178,6
961,37,Marcos Senesi,DEF,Olympique Marseille,18000000,10,1999-05-28,184,0
962,37,Nahuel Molina,DEF,Atlético De Madrid,105579655,59,1998-04-06,179,1
963,38,Melvin Mastil,GK,FC Stade Nyonnais,300000,2,2000-02-19,194,0
964,38,Rayan Aït-Nouri,DEF,Lille OSC,1000000,120,1991-10-22,184,8
965,38,Ramy Bensebaini,DEF,USM Alger,1000000,10,1999-06-15,185,1
966,38,Aïssa Mandi,DEF,Espérance De Tunisie,1300000,30,2000-01-22,186,2
967,38,Jaouen Hadjam,DEF,JS Kabylie,1800000,18,1999-03-20,186,1
968,38,Houssem Aouar,MID,FC Twente,6500000,54,1998-05-26,183,3
969,38,Riyad Mahrez,FWD,Al Ahli FC,5000000,117,1991-02-21,179,38
970,38,Ramiz Zerrouki,MID,Al Ittihad,8000000,24,1998-06-30,175,6
971,38,Mohamed Amoura,FWD,Olympique Marseille,6320339,24,2000-02-16,180,10
972,38,Farès Chaïbi,MID,Eintracht Frankfurt,15000000,32,2002-11-28,183,3
973,38,Amine Gouiri,FWD,Feyenoord Rotterdam,23000000,16,2002-02-11,176,2
974,38,Anis Hadj Moussa,FWD,Györi ETO FC,600000,4,2000-04-17,190,1
975,38,Mohamed Amine Tougai,DEF,BSC Young Boys,7000000,18,2003-03-26,185,3
976,38,Yacine Titraoui,MID,OGC Nice,12000000,35,1999-09-23,175,0
977,38,Achref Abada,DEF,Manchester City FC,40000000,31,2001-06-06,180,0
978,38,Luca Zidane,GK,USM Alger,850000,3,1994-10-11,188,0
979,38,Zineddine Belaïd,DEF,Hellas Verona FC,7000000,14,2002-06-07,180,1
980,38,Nadhir Benbouali,FWD,VfL Wolfsburg,20000000,48,2000-05-09,170,19
981,38,Nabil Bentaleb,MID,Lille OSC,4500000,61,1994-11-24,189,6
982,38,Rafik Belghali,FWD,Al Duhail SC,3000000,12,2003-05-02,183,5
983,38,Samir Chergui,DEF,Borussia Dortmund,10557657,83,1995-04-16,187,9
984,38,Ibrahim Maza,MID,Bayer 04 Leverkusen,45000000,18,2005-11-24,180,2
985,38,Luca Zinedine Zidane,GK,Granada CF,1000000,8,1998-05-13,183,0
986,38,Yassine Titraoui,MID,Sporting Charleroi,4812864,5,2003-07-26,180,0
987,38,Fares Ghedjemis,FWD,Frosinone,600000,1,2002-09-06,183,1
988,38,Samir Sophian Chergui,DEF,Paris FC,3000000,5,1999-02-06,185,0
989,39,Alexander Schlager,GK,FC Red Bull Salzburg,2000000,27,1996-02-01,188,0
990,39,Maximilian Wöber,DEF,Elche CF,20000000,1,2001-03-19,185,0
991,39,Phillipp Mwene,DEF,Tottenham Hotspur FC,20000000,33,1998-09-19,190,0
992,39,Dejan Ljubičić,MID,RB Leipzig,10000000,52,1997-09-28,174,4
993,39,Stefan Posch,DEF,1. FSV Mainz 05,6000000,53,1997-05-14,188,5
994,39,Alessandro Schöpf,MID,RB Leipzig,25000000,48,2001-05-04,179,1
995,39,Marko Arnautović,FWD,FK Crvena Zvezda,2000000,134,1989-04-19,192,48
996,39,David Alaba,DEF,Real Madrid C. F.,3000000,114,1992-06-24,180,15
997,39,Marcel Sabitzer,MID,Borussia Dortmund,6000000,99,1994-03-17,178,26
998,39,Florian Grillitsch,MID,SC Braga,2500000,59,1995-08-07,186,1
999,39,Christoph Baumgartner,FWD,FC Augsburg,1500000,75,1994-04-18,193,24
1000,39,Florian Wiegele,GK,FC Viktoria Plze ň,2200000,1,2001-03-21,205,0
1001,39,Patrick Pentz,GK,Brøndby IF,2200000,18,1997-01-02,183,0
1002,39,Michael Gregoritsch,FWD,LASK Linz,4000000,23,1997-07-07,200,4
1003,39,Philipp Lienhart,DEF,SC Freiburg,10000000,42,1996-07-11,189,3
1004,39,Phillip Mwene,DEF,1. FSV Mainz 05,1500000,31,1994-01-29,170,0
1005,39,Carney Chibueze Chukwuemeka,MID,Borussia Dortmund,9863230,4,2003-10-20,187,1
1006,39,Romano Schmid,MID,SV Werder Bremen,15000000,35,2000-01-27,168,4
1007,39,Dejan Ljubicic,MID,FC Schalke 04,5000000,9,1997-10-08,187,1
1008,39,Konrad Laimer,MID,FC Bayern München,32000000,58,1997-05-27,180,7
1009,39,Sasa Kalajdžić,FWD,VfL Wolfsburg,12000000,31,2001-05-30,182,1
1010,39,Alexander Prass,MID,TSG Hoffenheim,9000000,19,2001-05-26,180,0
1011,39,Marco Friedl,DEF,SV Werder Bremen,10000000,11,1998-03-16,187,0
1012,39,Paul Wanner,MID,PSV Eindhoven,22000000,4,2005-12-23,185,0
1013,39,Michael Svoboda,DEF,Venezia FC,900000,4,1998-10-15,195,0
1014,39,Alessandro Andre Schoepf,MID,Wolfsberger AC,10255013,35,1994-02-07,178,6
1015,40,Yazeed Abulaila,GK,Al Hussein SC,2324916,77,1993-01-08,188,0
1016,40,Ihsan Haddad,DEF,Al Karma SC,3713575,56,1995-05-09,179,1
1017,40,Yazan Al-Arab,DEF,Al Zawra'a SC,4333148,66,1994-02-25,184,2
1018,40,Abdallah Nasib,DEF,Al Faisaly SC,3868569,17,2000-05-13,186,0
1019,40,Mohannad Abu Taha,DEF,FC Seoul,1955254,81,1996-01-31,185,3
1020,40,Amer Jamous,MID,Al Zawra'a SC,2372465,19,2002-07-03,177,1
1021,40,Musa Al-Taamari,FWD,Raja Casablanca,4598054,40,1997-12-30,170,5
1022,40,Rajaei Ayed,MID,Selangor FC,2477372,69,1997-02-24,182,3
1023,40,Ali Olwan,FWD,Al Sailiya SC,4371693,67,2000-03-26,182,30
1024,40,Yazan Al-Naimat,FWD,Stade Rennais FC,6012559,93,1997-06-10,176,24
1025,40,Odeh Al-Fakhouri,FWD,Pyramids FC,2889178,11,2005-11-22,180,1
1026,40,Abdullah Al-Fakhouri,GK,Al Faisaly SC,1909067,5,1993-01-25,179,0
1027,40,Saed Al-Rosan,FWD,Al Hussein SC,1880939,88,1993-10-06,173,8
1028,40,Ibrahim Sadeh,MID,Al Hussein SC,4233608,73,1993-07-25,175,0
1029,40,Mahmoud Al-Mardi,MID,Al Karma SC,4988036,57,2000-04-27,175,3
1030,40,Mohammad Abualnadi,DEF,Selangor FC,6868044,19,2001-02-08,185,0
1031,40,Husam Abu Dahab,DEF,Al Hussein SC,5501173,13,1992-01-17,187,0
1032,40,Salim Obaid,MID,Al Hussein SC,3830062,0,2005-07-13,182,0
1033,40,Mohammad Abu Hashish,DEF,Al Hussein SC,6871766,22,1997-02-01,186,2
1034,40,Mohammad Taha,MID,Al-Quwa Al-Jawiya,6151046,31,2003-02-02,173,1
1035,40,Nizar Al-Rashdan,MID,Qatar SC,5818965,48,1999-03-23,183,4
1036,40,Noor Bani Attiah,GK,Al Wahdat SC,3985266,16,2000-01-22,190,0
1037,40,Manel Farhan Ehsan Haddad,DEF,Al Hussein SC,2221236,91,1994-02-05,174,2
1038,40,Ali Azaizeh,FWD,Al Shabab FC,2374004,5,2004-04-13,178,0
1039,40,Ratib Mohammad Aldaoud,MID,Al Wahdat SC,5368311,14,1992-04-12,185,1
1040,40,Said Ghazi Anas Badawi,DEF,Al Faisaly SC,3393660,1,1997-09-13,174,0
1041,41,Diogo Costa,GK,FC Porto,25000000,44,1999-09-19,188,0
1042,41,Rúben Dias,DEF,Fenerbahçe SK,26711630,51,1993-11-16,179,0
1043,41,Diogo Dalot,DEF,Manchester City FC,59075240,76,1997-05-14,187,3
1044,41,Nuno Mendes,DEF,SL Benfica,51844007,6,2002-05-16,187,0
1045,41,João Cancelo,DEF,Manchester United FC,57423538,35,1999-03-18,184,3
1046,41,Bruno Fernandes,MID,Manchester City FC,36409816,20,1998-08-27,183,2
1047,41,Ronaldo Cristiano Ronaldo,FWD,Al Nassr FC,10000000,229,1985-02-05,185,143
1048,41,Vitinha,MID,Manchester United FC,27556372,90,1994-09-08,183,29
1049,41,Cristiano Ronaldo,FWD,Paris Saint-Germain,61031905,26,2001-06-20,185,10
1050,41,João Neves,MID,Manchester City FC,22000000,110,1994-08-10,173,14
1051,41,Rafael Leão,FWD,Al Nassr FC,17430671,54,1999-11-10,179,12
1052,41,José Sá,GK,Wolverhampton Wanderers FC,58279443,5,1993-01-17,192,0
1053,41,Nélson Semedo,DEF,Villarreal CF,49776200,14,2003-07-29,188,1
1054,41,Gonçalo Inácio,DEF,Sporting CP,20977953,22,2001-08-25,185,2
1055,41,Bernardo Silva,MID,Paris Saint-Germain,140000000,23,2004-09-27,171,4
1056,41,Gonçalo Ramos,FWD,Sporting CP,20400208,18,1999-12-29,184,3
1057,41,Alexandre Rafael Leao,FWD,AC Milan,50000000,45,1999-06-10,188,5
1058,41,Pedro Neto,FWD,Chelsea FC,29098003,26,2000-03-09,174,3
1059,41,Francisco Conceição,FWD,Real Sociedad,17183625,35,1996-11-29,179,8
1060,41,Tomás Araújo,DEF,FC Barcelona,26500207,69,1994-05-27,173,12
1061,41,Rúben Neves,MID,Al Hilal SC,39746889,67,1997-03-13,183,1
1062,41,Rui Silva,GK,Sporting CP,20596872,3,1994-02-07,191,0
1063,41,Vitor Vitinha,MID,Paris Saint-Germain,140000000,39,2000-02-13,170,0
1064,41,Samuel Samu Costa,DEF,RCD Mallorca,26660545,6,2000-11-27,185,0
1065,41,Alexandre Nuno,DEF,Paris Saint-Germain,56220388,45,2002-06-19,177,1
1066,41,João Félix,FWD,Juventus FC,55985253,18,2002-12-14,166,4
1067,42,Lionel Mpasi,GK,Le Havre AC,400000,29,1994-08-01,182,0
1068,42,Chancel Mbemba,DEF,West Ham United FC,4122558,13,1997-11-26,183,0
1069,42,Aaron Wan-Bissaka,DEF,Widzew Ł ód ź,2500000,4,1998-04-30,196,0
1070,42,Arthur Masuaku,DEF,Burnley FC,5000000,14,1997-11-14,188,1
1071,42,Dylan Batubinsika,DEF,AEL FC,600000,15,1996-02-15,185,1
1072,42,Samuel Moutoussamy,MID,Lille OSC,15000000,15,2004-11-03,186,0
1073,42,Charles Pickel,MID,Montpellier HSC,2000000,19,2002-03-16,170,2
1074,42,Gaël Kakuta,MID,Atromitos FC,1200000,59,1996-08-12,176,0
1075,42,Cédric Bakambu,FWD,CD Castellón,2000000,8,1998-03-11,172,0
1076,42,Théo Bongonda,MID,FC Spartak Moscow,3000000,38,1995-11-20,176,7
1077,42,Fiston Mayele,FWD,AEL FC,5503691,31,1991-06-21,174,5
1078,42,Steve Kapuadi,DEF,KRC Genk,2340458,27,1994-08-08,180,1
1079,42,Simon Banza,FWD,Alanyaspor,1500000,68,1997-08-06,173,12
1080,42,Edo Kayembe,MID,Sunderland AFC,35000000,21,2004-12-17,165,0
1081,42,Ngal'ayel Mukau,MID,Kilmarnock FC,4416794,17,1995-01-02,184,1
1082,42,Timothy Fayulu,GK,FC Noah,800000,3,1999-07-24,192,0
1083,42,Nathanaël Mbuku,FWD,Real Betis,1200000,71,1991-04-11,182,21
1084,42,Aaron Tshibola,MID,RCD Espanyol,2500000,35,1997-05-15,187,1
1085,42,Meschack Elia,FWD,Pyramids FC,5339714,36,1994-06-24,185,5
1086,42,Brian Cipenga,FWD,Newcastle United FC,25000000,39,1996-09-03,176,9
1087,42,Matthieu Epolo,GK,Standard Liège,8000000,1,2005-01-15,183,0
1088,42,Gédéon Kalulu,DEF,Lille OSC,2000000,110,1994-08-08,182,7
1089,42,Simon Bokote Banza,FWD,Al Jazira,11000000,16,1996-08-13,189,2
1090,42,Gédéon Tchingoma Kyatengwa Kalulu,DEF,Aris Limassol FC,3500000,29,1997-08-29,178,0
1091,42,Edo Kayembe,MID,Watford FC,4000000,43,1998-06-03,183,2
1092,42,Arthur Fuka Masuaku,DEF,RC Lens,5114623,45,1993-11-07,179,4
1093,43,Abduvohid Nematov,GK,PFC Navbahor Namangan,500000,46,1991-01-04,185,0
1094,43,Rustam Ashurmatov,DEF,Manchester City FC,50000000,28,2004-02-29,186,0
1095,43,Umar Eshmurodov,DEF,Pakhtakor Tashkent FK,1300000,52,1997-04-19,180,3
1096,43,Farrukh Sayfiev,DEF,FK Neftchi Farg'ona,225000,72,1991-01-17,183,1
1097,43,Rustamjon Ashurmatov,DEF,Esteghlal Tehran FC,750000,52,1996-07-07,186,1
1098,43,Jaloliddin Masharipov,MID,Pakhtakor Tashkent FK,1400000,26,1999-04-02,180,1
1099,43,Akmal Mozgovoy,MID,Baniyas Club,1500000,91,1996-06-22,183,10
1100,43,Jamshid Iskanderov,MID,FK Neftchi Farg'ona,1000000,46,1993-10-16,171,4
1101,43,Odiljon Xamrobekov,MID,Tractor Sazi Tabriz FC,1000000,76,1996-02-13,180,1
1102,43,Ruslanbek Jiyanov,MID,PFC Navbahor Namangan,800000,8,2001-06-05,176,1
1103,43,Oston Urunov,MID,Persepolis FC,2000000,46,2000-12-19,181,10
1104,43,Abduvakhid Nematov,GK,Nasaf Qarshi FC,1500000,15,2001-03-20,182,0
1105,43,Sherzod Nasrullaev,DEF,Pakhtakor Tashkent FK,1200000,41,1998-07-23,183,2
1106,43,Eldor Shomurodov,FWD,Ba ş ak ş ehir FK,7000000,94,1995-06-29,190,44
1107,43,Umarbek Eshmurodov,DEF,Nasaf Qarshi FC,450000,40,1992-11-30,185,0
1108,43,Botirali Ergashev,GK,FK Neftchi Farg'ona,500000,5,1995-06-23,189,0
1109,43,Dostonbek Khamdamov,MID,Pakhtakor Tashkent FK,900000,38,1996-07-24,178,5
1110,43,Abdulla Abdullaev,DEF,Dibba FC,500000,30,1997-09-01,181,0
1111,43,Azizjon Ganiev,MID,Al Bataeh Club,2000000,24,1998-02-22,178,0
1112,43,Azizbek Amonov,FWD,FK Dinamo Samarkand,500000,14,1997-10-30,181,2
1113,43,Igor Sergeev,FWD,Persepolis FC,1200000,86,1993-04-30,185,25
1114,43,Abbosbek Fayzullaev,MID,Ba ş ak ş ehir FK,7000000,33,2003-10-03,167,9
1115,43,Sherzod Esanov,MID,FK Buxoro,450000,1,2003-02-01,190,0
1116,43,Behruzjon Karimov,DEF,Surkhon FK,350000,3,2007-08-07,172,0
1117,43,Avazbek Ulmasaliyev,DEF,OKMK FK,500000,0,2000-03-27,187,0
1118,43,Jakhongir Urozov,DEF,FK Dinamo Samarkand,600000,5,2004-01-18,190,1
1119,44,Camilo Vargas,GK,Atlético Nacional,7934073,130,1988-08-31,183,0
1120,44,Daniel Muñoz,DEF,Crystal Palace FC,18918178,47,1996-05-26,180,4
1121,44,Davinson Sánchez,DEF,Bologna FC,19289403,38,1998-06-26,187,1
1122,44,Yerry Mina,DEF,CA Independiente,16223392,68,1992-01-13,177,0
1123,44,James Rodríguez,MID,CA River Plate,12480297,26,2000-09-29,179,0
1124,44,Jhon Arias,MID,SL Benfica,25316192,33,2000-06-02,185,2
1125,44,Luis Díaz,FWD,FC Bayern München,50000000,75,1997-01-13,179,23
1126,44,Richard Ríos,MID,CR Flamengo,12205018,25,1998-05-25,180,2
1127,44,Jhon Córdoba,FWD,FC Krasnodar,16910822,21,1993-05-11,186,6
1128,44,James David Rodriguez,MID,Minnesota United FC,8304482,127,1991-07-12,181,31
1129,44,Jefferson Lerma,MID,SE Palmeiras,24767140,39,1997-09-21,168,6
1130,44,Álvaro Montero,GK,Atlas FC,17816016,43,1989-03-09,183,0
1131,44,Jhon Lucumí,DEF,Cagliari,26019704,54,1994-09-23,195,8
1132,44,Johan Mojica,DEF,Racing Santander,17774632,7,2003-07-23,173,1
1133,44,Jorge Carrascal,MID,Athletico Paranaense,15070035,10,1998-09-12,181,0
1134,44,Kevin Castaño,MID,Crystal Palace FC,27021837,66,1994-10-25,180,5
1135,44,Santiago Arias,DEF,RCD Mallorca,17857738,46,1992-08-21,184,1
1136,44,Willer Emilio Ditta,DEF,CF Cruz Azul,7452566,5,1998-01-23,179,0
1137,44,Cucho Hernández,FWD,Real Betis,14899221,10,1999-04-20,176,2
1138,44,Gustavo Puerta,MID,CA River Plate,12654849,49,1993-01-18,167,6
1139,44,Luis Suárez,FWD,CA Rosario Central,5500000,11,2000-05-24,166,2
1140,44,Deiver Machado,DEF,FC Nantes,25905532,15,1993-09-02,173,0
1141,44,Davinson Sanchez,DEF,Galatasaray SK,14979336,80,1996-06-12,188,4
1142,44,Álvaro David Montero,GK,CA Vélez Sarsfield,8143442,12,1995-03-29,201,0
1143,44,Andrés Gómez,FWD,Sporting CP,20333903,13,1997-12-02,179,5
1144,44,Carlos Andrés Gomez,FWD,CR Vasco Da Gama,17165551,9,2002-09-12,170,2
1145,45,Jordan Pickford,GK,Everton FC,13000000,85,1994-03-07,185,0
1146,45,Marc Guéhi,DEF,Aston Villa FC,40000000,21,1997-10-23,180,1
1147,45,Ezri Konsa,DEF,Manchester City FC,67443617,6,2005-03-21,177,0
1148,45,Jude Bellingham,MID,Arsenal FC,120000000,74,1999-01-14,185,7
1149,45,Reece James,DEF,Manchester City FC,12000000,90,1994-05-28,188,3
1150,45,Trevoh Chalobah,DEF,Manchester City FC,26097995,30,2000-07-13,183,1
1151,45,Bukayo Ayoyinka Saka,FWD,Arsenal FC,110000000,50,2001-09-05,178,14
1152,45,Kobbie Mainoo,MID,Nottingham Forest FC,75000000,10,2002-11-06,179,0
1153,45,Harry Edward Kane,FWD,FC Bayern München,60000000,115,1993-07-28,190,81
1154,45,Jude Victor William Bellingham,MID,Real Madrid C. F.,130000000,49,2003-06-29,183,7
1155,45,Harry Kane,FWD,FC Barcelona,40000000,73,1997-10-31,180,19
1156,45,Nico O'Reilly,DEF,Chelsea FC,40000000,1,1999-07-05,192,0
1157,45,Dean Henderson,GK,Crystal Palace FC,28000000,5,1997-03-12,188,0
1158,45,Eberechi Eze,MID,Brentford FC,1200000,90,1990-06-17,183,3
1159,45,Dan Burn,DEF,Newcastle United FC,4000000,8,1992-05-09,201,0
1160,45,Elliot Anderson,MID,Manchester United FC,70000000,14,2005-04-19,183,0
1161,45,Jordan Henderson,MID,Aston Villa FC,90000000,16,2002-07-26,187,1
1162,45,Bukayo Saka,FWD,Newcastle United FC,65000000,20,2001-02-24,182,3
1163,45,Marcus Rashford,FWD,Aston Villa FC,21916589,22,1995-12-30,180,7
1164,45,Anthony Gordon,FWD,Arsenal FC,27690961,12,2002-03-10,182,1
1165,45,Eberechi Oluchi Eze,MID,Arsenal FC,65000000,17,1998-06-29,178,3
1166,45,Ollie Watkins,FWD,Al Ahli FC,20000000,8,1996-03-16,185,1
1167,45,James Trafford,GK,Manchester City FC,25000000,2,2002-10-10,197,0
1168,45,Djed Spence,DEF,Chelsea FC,60000000,25,1999-12-08,180,1
1169,45,Tehuti Djed-Hotep Spence,DEF,Tottenham Hotspur FC,65469734,7,2000-08-09,184,0
1170,45,Jarell Amorin Quansah,DEF,Bayer 04 Leverkusen,45000000,3,2003-01-29,190,0
1171,46,Dominik Livakovic,GK,GNK Dinamo Zagreb,4000000,76,1995-01-09,188,0
1172,46,Josko Gvardiol,DEF,FC Bayern München,40000000,32,2000-04-02,186,0
1173,46,Josip Stanisic,DEF,ACF Fiorentina,6500000,20,1997-09-11,193,0
1174,46,Marin Pongracic,DEF,Manchester City FC,70000000,49,2002-01-23,185,4
1175,46,Duje Caleta-Car,DEF,Real Sociedad,2800000,38,1996-09-17,193,1
1176,46,Josip Sutalo,DEF,AFC Ajax,12000000,34,2000-02-28,185,0
1177,46,Nikola Moro,MID,Bologna FC,7000000,10,1998-03-12,183,0
1178,46,Mateo Kovacic,MID,Manchester City FC,10000000,114,1994-05-06,178,5
1179,46,Andrej Kramaric,FWD,TSG Hoffenheim,2500000,117,1991-06-19,177,36
1180,46,Luka Modric,MID,AC Milan,3500000,199,1985-09-09,172,29
1181,46,Ante Budimir,FWD,CA Osasuna,2800000,38,1991-07-22,190,6
1182,46,Ivor Pandur,GK,Hull City FC,4500000,0,2000-03-25,187,0
1183,46,Nikola Vlasic,MID,Torino FC,10000000,64,1997-10-04,179,10
1184,46,Ivan Perisic,FWD,PSV Eindhoven,1200000,155,1989-02-02,186,38
1185,46,Mario Pasalic,MID,Atalanta Bergamo,6000000,86,1995-02-09,188,12
1186,46,Martin Baturina,MID,Como,30000000,20,2003-02-16,172,2
1187,46,Petar Sucic,MID,FC Internazionale Milano,40000000,18,2003-10-25,183,1
1188,46,Kristijan Jakic,DEF,FC Augsburg,6000000,17,1997-05-14,181,2
1189,46,Toni Fruk,MID,HNK Rijeka,9000000,7,2001-03-09,177,1
1190,46,Igor Matanovic,FWD,SC Freiburg,22000000,10,2003-03-31,194,2
1191,46,Luka Sucic,MID,Real Sociedad,10000000,21,2002-09-08,185,1
1192,46,Luka Vuskovic,DEF,Hamburger SV,60000000,6,2007-02-24,193,1
1193,46,Dominik Kotarski,GK,FC København,5000000,4,2000-02-10,190,0
1194,46,Marco Pasalic,FWD,Orlando City SC,6500000,16,2000-09-14,177,1
1195,46,Martin Erlic,DEF,FC Midtjylland,4000000,13,1998-01-24,192,1
1196,46,Petar Musa,FWD,FC Dallas,12000000,12,1998-03-04,190,2
1197,47,Joseph Anang,GK,FC St. Gallen,1500000,31,1996-11-29,188,0
1198,47,Abdul Mumin,DEF,Stade Rennais FC,6000000,24,2000-06-04,173,1
1199,47,Thomas Partey,MID,FC Nordsjælland,10000000,12,2006-01-15,182,2
1200,47,Baba Rahman,DEF,VfL Wolfsburg,6000000,11,2003-12-13,188,0
1201,47,Fatawu Issahaku,MID,Villarreal CF,2000000,59,1993-06-13,185,16
1202,47,Jonas Adjetey,DEF,Rayo Vallecano,4241887,5,1998-06-06,188,0
1203,47,Antoine Semenyo,FWD,Leicester City FC,7555311,29,2004-03-08,177,3
1204,47,Kamaldeen Sulemana,MID,Real Oviedo,1400000,9,1998-06-24,183,0
1205,47,Jordan Ayew,FWD,Leicester City FC,1800000,121,1991-09-11,182,34
1206,47,Iñaki Williams,FWD,Coventry City FC,4396065,9,1998-12-29,182,1
1207,47,Kwasi Sibo,MID,Manchester City FC,80000000,35,2000-01-07,185,3
1208,47,Joseph Tetteh Anang,GK,St Patrick's Athletic FC,350000,1,2000-06-08,190,0
1209,47,Ernest Nuamah,FWD,Al Qadsiah FC,7649098,9,2004-12-14,172,0
1210,47,Gideon Mensah,DEF,AJ Auxerre,4000000,41,1998-07-18,178,0
1211,47,Caleb Yirenkyi,MID,AJ Auxerre,4000000,21,1997-11-07,182,0
1212,47,Benjamin Asare,GK,Hearts Of Oak SC,100000,14,1992-07-13,188,0
1213,47,Abdul Rahman,DEF,PAOK Saloniki,5582511,53,1994-07-02,179,1
1214,47,Jerome Opoku,DEF,Ba ş ak ş ehir FK,5000000,12,1998-10-14,197,1
1215,47,Brandon Thomas-Asante,FWD,Athletic Club,5099385,26,1994-06-15,186,2
1216,47,Augustine Boakye,MID,AS Saint-Etienne,4000000,0,2000-11-03,178,0
1217,47,Kojo Peprah Oppong,DEF,OGC Nice,10000000,4,2004-06-04,185,0
1218,47,Christopher Bonsu Baah,FWD,Atalanta Bergamo,17000000,29,2002-02-15,174,1
1219,47,Derrick Luckassen,DEF,Pafos FC,1200000,1,1995-07-03,188,0
1220,47,Prince Adu,FWD,Olympique Lyonnais,3963480,20,2003-11-01,178,4
1221,47,Prince Kwabena Adu,FWD,FC Viktoria Plze ň,3000000,6,2003-09-23,179,0
1222,47,Marvin Elom Senaya,DEF,AJ Auxerre,3000000,3,2001-01-28,181,0
1223,48,Luis Mejía,GK,Club Nacional,11521424,56,1991-03-16,193,0
1224,48,Amir Murillo,DEF,Š K Slovan Bratislava,3927703,41,1998-04-02,174,3
1225,48,Éric Davis,DEF,Norwich City FC,6373119,33,2001-06-03,189,1
1226,48,José Córdoba,DEF,Deportivo Saprissa,7099067,99,1995-01-09,184,4
1227,48,Andrés Andrade,DEF,FC Pari Nizhny Novgorod,8512682,18,2001-10-19,195,0
1228,48,Aníbal Godoy,MID,Hapoel Kiryat Shmona FC,800000,68,1997-02-06,170,2
1229,48,Adalberto Carrasquilla,MID,FC Juárez,4137985,71,1998-06-19,180,8
1230,48,José Luis Rodríguez,MID,Pumas UNAM,7966885,73,1998-11-28,171,3
1231,48,Cecilio Waterman,FWD,Deportivo Saprissa,6398309,13,1999-03-09,183,4
1232,48,Édgar Yoel Bárcenas,MID,Club León,8182784,57,1997-05-12,184,17
1233,48,Carlos Harvey,MID,Mazatlán FC,5818242,105,1993-10-23,175,10
1234,48,César Samudio,GK,CD Marathón,11678513,5,1994-02-23,189,0
1235,48,César Blackman,DEF,Puerto Cabello CF,11158259,24,1997-01-26,188,2
1236,48,Edgardo Fariña,DEF,Minnesota United FC,7787286,29,2000-02-03,184,3
1237,48,Jiovany Ramos,DEF,CD Plaza Amador,4330871,107,1991-03-31,180,9
1238,48,Andres Alberto Andrade,DEF,LASK Linz,3229804,51,1998-10-16,187,1
1239,48,Ismael Díaz,FWD,CD Universidad Católica,3666045,70,1993-08-18,184,17
1240,48,Alberto Quintero,FWD,CD Universidad De Concepción,8816235,56,1991-04-13,180,15
1241,48,Cristian Martínez,MID,CD Plaza Amador,8402030,141,1987-12-18,165,7
1242,48,Tomás Rodríguez,MID,San Diego FC,3706253,160,1990-02-10,184,4
1243,48,Cesar Augusto Yanis,MID,CD Cobresal,9547230,55,1996-01-28,160,5
1244,48,Orlando Mosquera,GK,Al Fayha FC,700000,50,1994-12-25,191,0
1245,48,Michael Amir Murillo,DEF,Be ş ikta ş  JK,7830169,94,1996-02-11,185,9
1246,48,José Fajardo,FWD,CD Universidad Católica,4490434,13,2001-06-21,185,1
1247,48,Roderick Alonso Miller,DEF,Turan Tovuz,9948860,49,1992-04-03,190,2
1248,48,Jorge Abdiel Gutierrez,DEF,Deportivo La Guaira,8097757,18,1998-09-01,171,0
